# Time(s), X(km), Y(km), Z(km), VX(km/s), VY(km/s), VZ(km/s)
        0.000000,-321297.690072571160, 133068.222883130074,  73161.576564345407,     -0.830249143812,     -0.617175461616,     -0.359763988619
     3000.000000,-323774.598687145859, 131214.348156333057,  72080.525183008809,     -0.821026061460,     -0.618726145468,     -0.360928482246
     6000.000000,-326223.863490010903, 129355.954643724341,  70996.055992761496,     -0.811820025586,     -0.620188194856,     -0.362042653462
     9000.000000,-328645.536394064839, 127493.306380331516,  69908.318838518680,     -0.802631540970,     -0.621562850049,     -0.363107247873
    12000.000000,-331039.670729615726, 125626.663728153362,  68817.461351896287,     -0.793461048046,     -0.622851319459,     -0.364122995385
    15000.000000,-333406.321053758438, 123756.283471759816,  67723.628998479500,     -0.784308924499,     -0.624054779626,     -0.365090610096
    18000.000000,-335745.542964455672, 121882.418913902453,  66626.965125389266,     -0.775175486805,     -0.625174375226,     -0.366010790205
    21000.000000,-338057.392919095990, 120005.319971077610,  65527.611009091139,     -0.766060991674,     -0.626211219092,     -0.366884217939
    24000.000000,-340341.928057292942, 118125.233268989134,  64425.705903395137,     -0.756965637434,     -0.627166392261,     -0.367711559499
    27000.000000,-342599.206027681241, 116242.402237862261,  63321.387087597832,     -0.747889565313,     -0.628040944025,     -0.368493465022
    30000.000000,-344829.284818458313, 114357.067207563727,  62214.789914721674,     -0.738832860652,     -0.628835892011,     -0.369230568551
    33000.000000,-347032.222591412195, 112469.465502486273,  61106.047859809041,     -0.729795554017,     -0.629552222257,     -0.369923488028
    36000.000000,-349208.077519171580, 110579.831536158657,  59995.292568231489,     -0.720777622232,     -0.630190889318,     -0.370572825293
    39000.000000,-351356.907625406049, 108688.396905543705,  58882.653903977109,     -0.711778989316,     -0.630752816370,     -0.371179166098
    42000.000000,-353478.770627701189, 106795.390484989446,  57768.259997881680,     -0.702799527327,     -0.631238895334,     -0.371743080131
    45000.000000,-355573.723782827437, 104901.038519799578,  56652.237295771381,     -0.693839057113,     -0.631649987007,     -0.372265121051
    48000.000000,-357641.823734117090, 103005.564719390692,  55534.710606487235,     -0.684897348969,     -0.631986921209,     -0.372745826530
    51000.000000,-359683.126360658964, 101109.190350004763,  54415.803149763189,     -0.675974123190,     -0.632250496930,     -0.373185718310
    54000.000000,-361697.686628016294,  99212.134326946427,  53295.636603931562,     -0.667069050531,     -0.632441482499,     -0.373585302261
    57000.000000,-363685.558440167515,  97314.613306314452,  52174.331153430823,     -0.658181752564,     -0.632560615754,     -0.373945068455
    60000.000000,-365646.794492364221,  95416.841776196889,  51052.005536091834,     -0.649311801934,     -0.632608604229,     -0.374265491239
    63000.000000,-367581.446124595532,  93519.032147298640,  49928.777090179239,     -0.640458722504,     -0.632586125347,     -0.374547029324
    66000.000000,-369489.563175339135,  91621.394842968934,  48804.761801165274,     -0.631621989400,     -0.632493826622,     -0.374790125877
    69000.000000,-371371.193835275713,  89724.138388593914,  47680.074348213137,     -0.622801028944,     -0.632332325886,     -0.374995208622
    72000.000000,-373226.384500631364,  87827.469500316889,  46554.828150346977,     -0.613995218473,     -0.632102211510,     -0.375162689946
    75000.000000,-375055.179625807796,  85931.593173045170,  45429.135412284893,     -0.605203886041,     -0.631804042655,     -0.375292967019
    78000.000000,-376857.621574949357,  84036.712767697638,  44303.107169910436,     -0.596426310009,     -0.631438349531,     -0.375386421916
    81000.000000,-378633.750472085550,  82143.030097642069,  43176.853335356958,     -0.587661718507,     -0.631005633677,     -0.375443421751
    84000.000000,-380383.604049479414,  80250.745514264519,  42050.482741677486,     -0.578909288773,     -0.630506368260,     -0.375464318822
    87000.000000,-382107.217493799864,  78360.057991605921,  40924.103187070883,     -0.570168146364,     -0.629940998398,     -0.375449450761
    90000.000000,-383804.623289724928,  76471.165209992527,  39797.821478632723,     -0.561437364230,     -0.629309941510,     -0.375399140699
    93000.000000,-385475.851060570334,  74584.263638577046,  38671.743475596399,     -0.552715961658,     -0.628613587693,     -0.375313697444
    96000.000000,-387120.927405525930,  72699.548616697124,  37545.974132026604,     -0.544002903065,     -0.627852300131,     -0.375193415666
    99000.000000,-388739.875733066234,  70817.214433945526,  36420.617538923623,     -0.535297096653,     -0.627026415548,     -0.375038576106
   102000.000000,-390332.716090089118,  68937.454408832928,  35295.776965691861,     -0.526597392906,     -0.626136244694,     -0.374849445793
   105000.000000,-391899.464986317791,  67060.460965909486,  34171.554900921030,     -0.517902582934,     -0.625182072885,     -0.374626278282
   108000.000000,-393440.135213484638,  65186.425711194235,  33048.053092422168,     -0.509211396648,     -0.624164160597,     -0.374369313916
   111000.000000,-394954.735658796679,  63315.539505742716,  31925.372586453566,     -0.500522500774,     -0.623082744111,     -0.374078780102
   114000.000000,-396443.271112161747,  61447.992537161379,  30803.613766063827,     -0.491834496677,     -0.621938036236,     -0.373754891626
   117000.000000,-397905.742066631152,  59583.974388853676,  29682.876388470333,     -0.483145918012,     -0.620730227106,     -0.373397850982
   120000.000000,-399342.144511495251,  57723.674106755490,  28563.259621381203,     -0.474455228176,     -0.619459485053,     -0.373007848746
   123000.000000,-400752.469717439788,  55867.280263287234,  27444.862078157712,     -0.465760817561,     -0.618125957592,     -0.372585063978
   126000.000000,-402136.704013149953,  54014.981018216276,  26327.781851701591,     -0.457061000597,     -0.616729772501,     -0.372129664669
   129000.000000,-403494.828552719671,  52166.964176085734,  25212.116546937570,     -0.448354012579,     -0.615271039031,     -0.371641808232
   132000.000000,-404826.819073200924,  50323.417239823670,  24097.963311746007,     -0.439638006265,     -0.613749849244,     -0.371121642045
   135000.000000,-406132.645641596057,  48484.527460101002,  22985.418866183150,     -0.430911048237,     -0.612166279511,     -0.370569304051
   138000.000000,-407412.272390572238,  46650.481879954816,  21874.579529807197,     -0.422171115021,     -0.610520392176,     -0.369984923422
   141000.000000,-408665.657242146786,  44821.467374137341,  20765.541246906792,     -0.413416088946,     -0.608812237411,     -0.369368621295
   144000.000000,-409892.751618562499,  42997.670682588250,  19658.399609404860,     -0.404643753744,     -0.607041855284,     -0.368720511587
   147000.000000,-411093.500139545649,  41179.278437358334,  18553.249877183964,     -0.395851789870,     -0.605209278057,     -0.368040701900
   150000.000000,-412267.840305107879,  39366.477182236100,  17450.186995549957,     -0.387037769541,     -0.603314532760,     -0.367329294526
   153000.000000,-413415.702163026959,  37559.453384243519,  16349.305609518142,     -0.378199151482,     -0.601357644044,     -0.366586387562
   156000.000000,-414537.007960113464,  35758.393436073537,  15250.700074569830,     -0.369333275373,     -0.599338637370,     -0.365812076152
   159000.000000,-415631.671776345698,  33963.483648437439,  14154.464463487382,     -0.360437355976,     -0.597257542556,     -0.365006453859
   162000.000000,-416699.599140932143,  32174.910231175836,  13060.692568831568,     -0.351508476957,     -0.595114397725,     -0.364169614203
   165000.000000,-417740.686629344069,  30392.859261859980,  11969.477900576372,     -0.342543584381,     -0.592909253706,     -0.363301652355
   168000.000000,-418754.821440342988,  28617.516640470389,  10880.913678362711,     -0.333539479878,     -0.590642178923,     -0.362402667031
   171000.000000,-419741.880952025589,  26849.068028586131,   9795.092817773348,     -0.324492813487,     -0.588313264842,     -0.361472762589
   174000.000000,-420701.732255904120,  25087.698771348951,   8712.107909966360,     -0.315400076173,     -0.585922632019,     -0.360512051362
   177000.000000,-421634.231668054068,  23333.593800280774,   7632.051193933050,     -0.306257592019,     -0.583470436825,     -0.359520656250
   180000.000000,-422539.224216380273,  21586.937514830090,   6555.014520567961,     -0.297061510116,     -0.580956878915,     -0.358498713589
   183000.000000,-423416.543103092525,  19847.913640300278,   5481.089307652963,     -0.287807796152,     -0.578382209518,     -0.357446376344
   186000.000000,-424266.009141532180,  18116.705059570522,   4410.366484763731,     -0.278492223726,     -0.575746740634,     -0.356363817641
   189000.000000,-425087.430166569829,  16393.493615755830,   3342.936427004944,     -0.269110365417,     -0.573050855227,     -0.355251234687
   192000.000000,-425880.600417892041,  14678.459882665942,   2278.888876369473,     -0.259657583651,     -0.570295018515,     -0.354108853111
   195000.000000,-426645.299895624630,  12971.782899612223,   1218.312849396600,     -0.250129021404,     -0.567479790468,     -0.352936931761
   198000.000000,-427381.293687904486,  11273.639866776164,    161.296529674261,     -0.240519592804,     -0.564605839623,     -0.351735768019
   201000.000000,-428088.331270216964,   9584.205796992301,   -892.072856409644,     -0.230823973720,     -0.561673958344,     -0.350505703663
   204000.000000,-428766.145776567806,   7903.653119411633,  -1941.709182411757,     -0.221036592419,     -0.558685079667,     -0.349247131345
   207000.000000,-429414.453242868418,   6232.151230099747,  -2987.527584978398,     -0.211151620400,     -0.555640295860,     -0.347960501720
   210000.000000,-430032.951823285548,   4569.865984187198,  -4029.444649465590,     -0.201162963563,     -0.552540878847,     -0.346646331311
   213000.000000,-430621.320980758464,   2916.959123730776,  -5067.378620286537,     -0.191064253847,     -0.549388302672,     -0.345305211142
   216000.000000,-431179.220653418452,   1273.587634965698,  -6101.249638425239,     -0.180848841563,     -0.546184268137,     -0.343937816224
   219000.000000,-431706.290399284859,   -360.096971864824,  -7130.980008747029,     -0.170509788621,     -0.542930729807,     -0.342544915945
   222000.000000,-432202.148522356991,  -1983.949467418603,  -8156.494499932736,     -0.160039862947,     -0.539629925524,     -0.341127385439
   225000.000000,-432666.391184100125,  -3597.831800720890,  -9177.720680059678,     -0.149431534386,     -0.536284408625,     -0.339686217995
   228000.000000,-433098.591505343153,  -5201.614097499515, -10194.589291045535,     -0.138676972474,     -0.532897082998,     -0.338222538566
   231000.000000,-433498.298664789356,  -6795.175768167887, -11207.034665355151,     -0.127768046481,     -0.529471241145,     -0.336737618441
   234000.000000,-433865.037001703342,  -8378.406734660748, -12214.995188538333,     -0.116696328239,     -0.526010605378,     -0.335232891138
   237000.000000,-434198.305131897680,  -9951.208785688626, -13218.413811310602,     -0.105453098282,     -0.522519372250,     -0.333709969549
   240000.000000,-434497.575087918376, -11513.497070246431, -14217.238614997768,     -0.094029355947,     -0.519002260298,     -0.332170664370
   243000.000000,-434762.291496338497, -13065.201739356000, -15211.423434226399,     -0.082415834139,     -0.515464561127,     -0.330617003834
   246000.000000,-434991.870807325409, -14606.269746001961, -16200.928540740617,     -0.070603019554,     -0.511912193772,     -0.329051254727
   249000.000000,-435185.700594164198, -16136.666812987363, -17185.721392142368,     -0.058581179247,     -0.508351762255,     -0.327475944644
   252000.000000,-435343.138943201571, -17656.379577934771, -18165.777449166337,     -0.046340394515,     -0.504790616084,     -0.325893885406
   255000.000000,-435463.513957723451, -19165.417923825142, -19141.081064786838,     -0.033870603153,     -0.501236913370,     -0.324308197504
   258000.000000,-435546.123402577243, -20663.817502227597, -20111.626447984003,     -0.021161651226,     -0.497699686079,     -0.322722335389
   261000.000000,-435590.234519880323, -22151.642454645451, -21077.418704338310,     -0.008203355557,     -0.494188906732,     -0.321140113357
   264000.000000,-435595.084049871133, -23628.988335096656, -22038.474954740843,      0.005014421783,     -0.490715555691,     -0.319565731675
   267000.000000,-435559.878494798555, -25095.985234062264, -22994.825532363644,      0.018501685723,     -0.487291687915,     -0.318003802548
   270000.000000,-435483.794667616021, -26552.801100172055, -23946.515256589992,      0.032268205865,     -0.483930497768,     -0.316459375361
   273000.000000,-435365.980571034888, -27999.645251348917, -24893.604780818649,      0.046323398370,     -0.480646380203,     -0.314937960567
   276000.000000,-435205.556656028435, -29436.772061503663, -25836.172008889880,      0.060676190937,     -0.477454986244,     -0.313445551402
   279000.000000,-435001.617511978140, -30864.484802172690, -26774.313572300391,      0.075334869923,     -0.474373270363,     -0.311988642526
   282000.000000,-434753.234043062199, -32283.139610655719, -27708.146357352900,      0.090306908981,     -0.471419526934,     -0.310574244483
   285000.000000,-434459.456186919997, -33693.149547206063, -28637.809067909762,      0.105598778896,     -0.468613412583,     -0.309209892757
   288000.000000,-434119.316231743258, -35094.988693664549, -29563.463805493378,      0.121215738884,     -0.465975950844,     -0.307903650039
   291000.000000,-433731.832786364714, -36489.196234685907, -30485.297644126931,      0.137161610163,     -0.463529515217,     -0.306664100190
   294000.000000,-433296.015454226115, -37876.380450540310, -31403.524172596968,      0.153438533472,     -0.461297786448,     -0.305500332281
   297000.000000,-432810.870255873713, -39257.222537637768, -32318.384971842188,      0.170046713047,     -0.459305679665,     -0.304421913021
   300000.000000,-432275.405835417274, -40632.480159793442, -33230.150990073387,      0.186984150696,     -0.457579237013,     -0.303438845872
   303000.000000,-431688.640473815729, -42002.990620330391, -34139.123773202184,      0.204246374743,     -0.456145481570,     -0.302561515207
   306000.000000,-431049.609915580833, -43369.673533050009, -35045.636503449132,      0.221826169924,     -0.455032228759,     -0.301800614040
   309000.000000,-430357.375995340582, -44733.532859672916, -35950.054794918826,      0.239713315591,     -0.454267852139,     -0.301167054103
   312000.000000,-429611.036026643123, -46095.658173480049, -36852.777191823450,      0.257894340892,     -0.453881001502,     -0.300671857435
   315000.000000,-428809.732887634309, -47457.225004575383, -37754.235313299258,      0.276352306729,     -0.453900272538,     -0.300326029189
   318000.000000,-427952.665707308042, -48819.494122511955, -38654.893588804654,      0.295066625275,     -0.454353829069,     -0.300140412002
   321000.000000,-427039.101022755844, -50183.809618014391, -39555.248530319819,      0.314012928380,     -0.455268980912,     -0.300125523087
   324000.000000,-426068.384243431035, -51551.595658128870, -40455.827492350851,      0.333162996382,     -0.456671722738,     -0.300291376101
   327000.000000,-425039.951224468299, -52924.351809055304, -41357.186878358894,      0.352484758367,     -0.458586241869,     -0.300647290817
   330000.000000,-423953.339719456097, -54303.646848554752, -42259.909762841868,      0.371942373794,     -0.461034405498,     -0.301201694644
   333000.000000,-422808.200455888989, -55691.111025122504, -43164.602911878035,      0.391496403562,     -0.464035240335,     -0.301961920990
   336000.000000,-421604.307556096464, -57088.426763474119, -44071.893201270439,      0.411104075946,     -0.467604419862,     -0.302934010337
   339000.000000,-420341.568014960154, -58497.317864104523, -44982.423450050337,      0.430719649506,     -0.471753776042,     -0.304122520534
   342000.000000,-419020.029945155198, -59919.537296919385, -45896.847707304019,      0.450294871175,     -0.476490853331,     -0.305530353218
   345000.000000,-417639.889312466490, -61356.853742806627, -46815.826051156881,      0.469779523404,     -0.481818522905,     -0.307158603307
   348000.000000,-416201.494908732013, -62811.037089657519, -47740.018979180684,      0.489122049802,     -0.487734674098,     -0.309006438174
   351000.000000,-414705.351348121185, -64283.843137645024, -48670.081488277450,      0.508270244469,     -0.494231998085,     -0.311071012347
   354000.000000,-413152.119922739570, -65776.997809382388, -49606.656958020125,      0.527171986408,     -0.501297875827,     -0.313347422448
   357000.000000,-411542.617214005615, -67292.181191039097, -50550.370963377900,      0.545775997474,     -0.508914378425,     -0.315828705576
   360000.000000,-409877.811424017476, -68831.011748243123, -51501.825149808479,      0.564032600439,     -0.517058383486,     -0.318505882586
   363000.000000,-408158.816462675575, -70395.031064096518, -52461.591305251248,      0.581894453101,     -0.525701806202,     -0.321368045846
   366000.000000,-406386.883897720778, -71985.689435282402, -53430.205759364486,      0.599317235138,     -0.534811938892,     -0.324402489097
   369000.000000,-404563.392942077015, -73604.332636505627, -54408.164230581184,      0.616260266408,     -0.544351888190,     -0.327594875308
   372000.000000,-402689.838712215889, -75252.190124859073, -55395.917226772828,      0.632687038603,     -0.554281095057,     -0.330929436842
   375000.000000,-400767.819039576047, -76930.364906505696, -56393.866086412352,      0.648565646271,     -0.564555919806,     -0.334389201065
   378000.000000,-398799.020152088488, -78639.825231337629, -57402.359725279268,      0.663869107921,     -0.575130272331,     -0.337956233787
   381000.000000,-396785.201563333394, -80381.398220414630, -58421.692130263589,      0.678575572850,     -0.585956266961,     -0.341611892560
   384000.000000,-394728.180512575782, -82155.765469471065, -59452.100618041892,      0.692668414193,     -0.596984881697,     -0.345337082018
   387000.000000,-392629.816290699528, -83963.460612862415, -60493.764853579574,      0.706136213099,     -0.608166602946,     -0.349112503931
   390000.000000,-390491.994766502059, -85804.868778788004, -61546.806602640223,      0.718972642696,     -0.619452039075,     -0.352918895492
   393000.000000,-388316.613397192967, -87680.227820630040, -62611.290174595517,      0.731176263454,     -0.630792488877,     -0.356737250424
   396000.000000,-386105.566968864703, -89589.631172216352, -63687.223497386498,      0.742750243567,     -0.642140454195,     -0.360549018716
   399000.000000,-383860.734269918641, -91533.032147433740, -64774.559755764283,      0.753702019102,     -0.653450089220,     -0.364336282019
   402000.000000,-381583.965855573595, -93510.249486903136, -65873.199516945489,      0.764042908954,     -0.664677582096,     -0.368081902996
   405000.000000,-379277.073017002316, -95520.973945811755, -66982.993264346806,      0.773787699164,     -0.675781467394,     -0.371769648016
   408000.000000,-376941.818026301800, -97564.775716489661, -68103.744259732819,      0.782954210196,     -0.686722870496,     -0.375384283532
   411000.000000,-374579.905689886538, -99641.112485638354, -69235.211656433399,      0.791562859263,     -0.697465686974,     -0.378911647332
   414000.000000,-372192.976209032233,-101749.337937845106, -70377.113790713920,      0.799636228154,     -0.707976701611,     -0.382338696391
   417000.000000,-369782.599317741813,-103888.710532710757, -71529.131584358300,      0.807198645139,     -0.718225652814,     -0.385653533552
   420000.000000,-367350.269645060296,-106058.402401215586, -72690.911998525247,      0.814275787744,     -0.728185248792,     -0.388845415451
   423000.000000,-364897.403231272940,-108257.508226634280, -73862.071486492481,      0.820894311427,     -0.737831142195,     -0.391904744278
   426000.000000,-362425.335114726389,-110485.053995361130, -75042.199400613084,      0.827081507602,     -0.747141869843,     -0.394823045914
   429000.000000,-359935.317897781671,-112740.005522599327, -76230.861316355760,      0.832864993102,     -0.756098763934,     -0.397592936914
   432000.000000,-357428.521196014597,-115021.276676391601, -77427.602243446046,      0.838272431951,     -0.764685840681,     -0.400208082621
   435000.000000,-354906.031873581233,-117327.737240496499, -78631.949700703408,      0.843331289399,     -0.772889671754,     -0.402663148514
   438000.000000,-352368.854969013832,-119658.220371891279, -79843.416637077826,      0.848068617417,     -0.780699243331,     -0.404953746616
   441000.000000,-349817.915219012997,-122011.529622085174, -81061.504186580569,      0.852510870271,     -0.788105806897,     -0.407076378594
   444000.000000,-347254.059092519572,-124386.445502947478, -82285.704249272632,      0.856683748445,     -0.795102725325,     -0.409028376907
   447000.000000,-344678.057253025821,-126781.731587461894, -83515.501894244924,      0.860612068878,     -0.801685317191,     -0.410807845160
   450000.000000,-342090.607373335981,-129196.140143837576, -84750.377583645226,      0.864319659393,     -0.807850701724,     -0.412413598588
   453000.000000,-339492.337233507016,-131628.417307898344, -85989.809219337883,      0.867829275119,     -0.813597646323,     -0.413845105437
   456000.000000,-336883.808039255731,-134077.307803810574, -87233.274015792369,      0.871162534735,     -0.818926418154,     -0.415102429824
   459000.000000,-334265.517904525157,-136541.559227180172, -88480.250204353142,      0.874339874443,     -0.823838640965,     -0.416186176529
   462000.000000,-331637.905448049074,-139019.925907523284, -89730.218575216102,      0.877380517677,     -0.828337157970,     -0.417097438051
   465000.000000,-329001.353459546459,-141511.172369258711, -90982.663864285685,      0.880302458670,     -0.832425901392,     -0.417837744174
   468000.000000,-326356.192596580891,-144014.076411829359, -92237.075992671467,      0.883122458168,     -0.836109769056,     -0.418409014181
   471000.000000,-323702.705078103754,-146527.431830464891, -93492.951166950690,      0.885856049675,     -0.839394508251,     -0.418813511829
   474000.000000,-321041.128345269768,-149050.050799557939, -94749.792848519413,      0.888517554792,     -0.842286606948,     -0.419053803100
   477000.000000,-318371.658664277522,-151580.765940739482, -96007.112600412758,      0.891120106323,     -0.844793192372,     -0.419132716760
   480000.000000,-315694.454649765685,-154118.432097574114, -97264.430819927817,      0.893675677937,     -0.846921936821,     -0.419053307663
   483000.000000,-313009.640690713422,-156661.927838426200, -98521.277365251153,      0.896195119334,     -0.848680970599,     -0.418818822773
   486000.000000,-310317.310263878724,-159210.156708512513, -99777.192084099748,      0.898688195902,     -0.850078801840,     -0.418432669804
   489000.000000,-307617.529122587701,-161762.048251503846,-101031.725252142933,      0.901163632015,     -0.851124243003,     -0.417898388414
   492000.000000,-304910.338351185608,-164316.558820293314,-102284.437928695465,      0.903629157174,     -0.851826343781,     -0.417219623847
   495000.000000,-302195.757277703669,-166872.672195737570,-103534.902236868686,      0.906091554277,     -0.852194330124,     -0.416400102910
   498000.000000,-299473.786239304522,-169429.400031319732,-104782.701575044848,      0.908556709395,     -0.852237549114,     -0.415443612192
   501000.000000,-296744.409196864173,-171985.782140790136,-106027.430766202859,      0.911029662484,     -0.851965419360,     -0.414353978396
   504000.000000,-294007.596196643135,-174540.886644929764,-107268.696151280630,      0.913514658536,     -0.851387386630,     -0.413135050675
   507000.000000,-291263.305678419070,-177093.809992655297,-108506.115632408299,      0.916015198716,     -0.850512884398,     -0.411790684858
   510000.000000,-288511.486630695581,-179643.676870756666,-109739.318671495756,      0.918534091114,     -0.849351299000,     -0.410324729444
   513000.000000,-285752.080594697269,-182189.640015631652,-110967.946249306187,      0.921073500751,     -0.847911939090,     -0.408741013242
   516000.000000,-282985.023519804527,-184730.879939464823,-112191.650789799416,      0.923634998566,     -0.846204009098,     -0.407043334558
   519000.000000,-280210.247473896481,-187266.604582394153,-113410.096054185589,      0.926219609121,     -0.844236586383,     -0.405235451801
   522000.000000,-277427.682212753687,-189796.048901323433,-114622.957008792670,      0.928827856822,     -0.842018601791,     -0.403321075398
   525000.000000,-274637.256613247446,-192318.474405177200,-115829.919670524250,      0.931459810485,     -0.839558823350,     -0.401303860921
   528000.000000,-271838.899975503620,-194833.168645559228,-117030.680933366210,      0.934115126097,     -0.836865842798,     -0.399187403309
   531000.000000,-269032.543199597741,-197339.444670971454,-118224.948379094421,      0.936793087684,     -0.833948064719,     -0.396975232100
   534000.000000,-266218.119842612767,-199836.640451978601,-119412.440075042774,      0.939492646194,     -0.830813697998,     -0.394670807554
   537000.000000,-263395.567062087706,-202324.118283969292,-120592.884361511882,      0.942212456345,     -0.827470749388,     -0.392277517609
   540000.000000,-260564.826452004869,-204801.264173466567,-121766.019631132658,      0.944950911417,     -0.823927018943,     -0.389798675551
   543000.000000,-257725.844777521706,-207267.487213283952,-122931.594102250878,      0.947706175960,     -0.820190097113,     -0.387237518341
   546000.000000,-254878.574614649115,-209722.218951205577,-124089.365588163491,      0.950476216459,     -0.816267363299,     -0.384597205512
   549000.000000,-252022.974901026115,-212164.912756293517,-125239.101263819481,      0.953258829947,     -0.812165985688,     -0.381880818571
   552000.000000,-249159.011403842713,-214595.043186391209,-126380.577431395286,      0.956051670629,     -0.807892922187,     -0.379091360836
   555000.000000,-246286.657110827742,-217012.105359898269,-127513.579285966844,      0.958852274562,     -0.803454922311,     -0.376231757652
   558000.000000,-243405.892550052551,-219415.614334439510,-128637.900682329331,      0.961658082439,     -0.798858529871,     -0.373304856935
   561000.000000,-240516.706044108258,-221805.104494638508,-129753.343903857123,      0.964466460568,     -0.794110086331,     -0.370313429978
   564000.000000,-237619.093904001842,-224180.128950830782,-130859.719434155137,      0.967274720093,     -0.789215734727,     -0.367260172498
   567000.000000,-234713.060567887092,-226540.258950215066,-131956.845732122893,      0.970080134565,     -0.784181424025,     -0.364147705861
   570000.000000,-231798.618689507130,-228885.083301637846,-133044.549010938383,      0.972879955909,     -0.779012913834,     -0.360978578459
   573000.000000,-228875.789180977386,-231214.207814938767,-134122.663021365006,      0.975671428910,     -0.773715779389,     -0.357755267215
   576000.000000,-225944.601214286580,-233527.254755545146,-135191.028839695529,      0.978451804264,     -0.768295416721,     -0.354480179164
   579000.000000,-223005.092185641173,-235823.862314796395,-136249.494660566270,      0.981218350311,     -0.762757047966,     -0.351155653113
   582000.000000,-220057.307646526868,-238103.684096295998,-137297.915594806080,      0.983968363504,     -0.757105726730,     -0.347783961336
   585000.000000,-217101.301205115247,-240366.388618432538,-138336.153472424980,      0.986699177724,     -0.751346343494,     -0.344367311301
   588000.000000,-214137.134401399468,-242611.658833075082,-139364.076650795381,      0.989408172493,     -0.745483630992,     -0.340907847405
   591000.000000,-211164.876559209399,-244839.191660334443,-140381.559828035039,      0.992092780185,     -0.739522169534,     -0.337407652702
   594000.000000,-208184.604618028330,-247048.697539185319,-141388.483861565124,      0.994750492294,     -0.733466392250,     -0.333868750625
   597000.000000,-205196.402947314811,-249239.899993664934,-142384.735591784614,      0.997378864842,     -0.727320590231,     -0.330293106673
   600000.000000,-202200.363145823736,-251412.535214298579,-143370.207670777832,      0.999975522981,     -0.721088917536,     -0.326682630076
   603000.000000,-199196.583828221948,-253566.351654351543,-144344.798395951453,      1.002538164871,     -0.714775396065,     -0.323039175421
   606000.000000,-196185.170401103009,-255701.109640466020,-145308.411548480799,      1.005064564883,     -0.708383920276,     -0.319364544227
   609000.000000,-193166.234830327390,-257816.580997212353,-146260.956236433296,      1.007552576186,     -0.701918261742,     -0.315660486487
   612000.000000,-190139.895401445538,-259912.548685063986,-147202.346742427326,      1.010000132778,     -0.695382073544,     -0.311928702153
   615000.000000,-187106.276474802056,-261988.806451290584,-148132.502375679236,      1.012405251011,     -0.688778894487,     -0.308170842574
   618000.000000,-184065.508236770693,-264045.158493259572,-149051.347328287025,      1.014766030656,     -0.682112153159,     -0.304388511882
   621000.000000,-181017.726448431524,-266081.419133634947,-149958.810535598168,      1.017080655548,     -0.675385171802,     -0.300583268330
   624000.000000,-177963.072192871798,-268097.412506965746,-150854.825540509715,      1.019347393863,     -0.668601170036,     -0.296756625575
   627000.000000,-174901.691622172395,-270092.972257166577,-151739.330361550034,      1.021564598059,     -0.661763268397,     -0.292910053916
   630000.000000,-171833.735705030645,-272067.941245401918,-152612.267364596220,      1.023730704519,     -0.654874491732,     -0.289044981480
   633000.000000,-168759.359975867352,-274022.171267900674,-153473.583138084476,      1.025844232919,     -0.647937772431,     -0.285162795366
   636000.000000,-165678.724286171637,-275955.522783244087,-154323.228371576231,      1.027903785376,     -0.640955953507,     -0.281264842739
   639000.000000,-162591.992558749771,-277867.864648684335,-155161.157737548376,      1.029908045367,     -0.633931791538,     -0.277352431881
   642000.000000,-159499.332545464189,-279759.073865072103,-155987.329776281753,      1.031855776487,     -0.626867959469,     -0.273426833212
   645000.000000,-156400.915588975186,-281629.035329987993,-156801.706783727190,      1.033745821030,     -0.619767049276,     -0.269489280252
   648000.000000,-153296.916388930404,-283477.641598690941,-157604.254702234757,      1.035577098442,     -0.612631574514,     -0.265540970565
   651000.000000,-150187.512772984948,-285304.792652517615,-158394.943014037533,      1.037348603651,     -0.605463972742,     -0.261583066658
   654000.000000,-147072.885472978989,-287110.395674383617,-159173.744637385942,      1.039059405303,     -0.598266607830,     -0.257616696843
   657000.000000,-143953.217906546808,-288894.364831057261,-159940.635825235222,      1.040708643908,     -0.591041772167,     -0.253642956081
   660000.000000,-140828.695964384911,-290656.621061894170,-160695.596066393104,      1.042295529924,     -0.583791688766,     -0.249662906779
   663000.000000,-137699.507803363696,-292397.091873740486,-161438.607989040960,      1.043819341778,     -0.576518513269,     -0.245677579573
   666000.000000,-134565.843645627843,-294115.711141728389,-162169.657266546506,      1.045279423853,     -0.569224335871,     -0.241687974073
   669000.000000,-131427.895583796315,-295812.418915706454,-162888.732525491680,      1.046675184440,     -0.561911183153,     -0.237695059598
   672000.000000,-128285.857392340899,-297487.161232062615,-163595.825255845150,      1.048006093667,     -0.554581019847,     -0.233699775870
   675000.000000,-125139.924345194144,-299139.889930713165,-164290.929723212350,      1.049271681418,     -0.547235750516,     -0.229703033702
   678000.000000,-121990.293039612254,-300770.562477047381,-164974.042883102753,      1.050471535245,     -0.539877221176,     -0.225705715660
   681000.000000,-118837.161226296404,-302379.141788628767,-165645.164297156356,      1.051605298285,     -0.532507220848,     -0.221708676704
   684000.000000,-115680.727645755454,-303965.596066468861,-166304.296051276906,      1.052672667186,     -0.525127483054,     -0.217712744819
   687000.000000,-112521.191870875613,-305529.898630701355,-166951.442675622093,      1.053673390039,     -0.517739687255,     -0.213718721625
   690000.000000,-109358.754155646675,-307072.027760494209,-167586.611066404264,      1.054607264345,     -0.510345460240,     -0.209727382969
   693000.000000,-106193.615289980444,-308591.966538048815,-168209.810409458209,      1.055474134988,     -0.502946377463,     -0.205739479514
   696000.000000,-103025.976460544727,-310089.702696545457,-168821.052105534705,      1.056273892251,     -0.495543964333,     -0.201755737303
   699000.000000, -99856.039117525215,-311565.228471901268,-169420.349697280733,      1.057006469848,     -0.488139697470,     -0.197776858314
   702000.000000, -96684.004847217948,-313018.540458216972,-170007.718797869689,      1.057671843005,     -0.480735005910,     -0.193803521010
   705000.000000, -93510.075250347276,-314449.639466796012,-170583.177021245589,      1.058270026567,     -0.473331272276,     -0.189836380863
   708000.000000, -90334.451825995973,-315858.530388625979,-171146.743913948478,      1.058801073145,     -0.465929833921,     -0.185876070884
   711000.000000, -87157.335861029118,-317245.222060220432,-171698.440888488461,      1.059265071308,     -0.458531984026,     -0.181923202128
   714000.000000, -83978.928324887471,-318609.727132723900,-172238.291158238018,      1.059662143812,     -0.451138972672,     -0.177978364196
   717000.000000, -80799.429769622206,-319952.061944190471,-172766.319673814229,      1.059992445876,     -0.443752007889,     -0.174042125731
   720000.000000, -77619.040235039560,-321272.246394950605,-173282.553060923150,      1.060256163502,     -0.436372256665,     -0.170115034897
   723000.000000, -74437.959158821584,-322570.303825986164,-173787.019559640874,      1.060453511835,     -0.429000845943,     -0.166197619855
   726000.000000, -71256.385291487430,-323846.260900238238,-174279.748965106817,      1.060584733577,     -0.421638863579,     -0.162290389230
   729000.000000, -68074.516616058929,-325100.147486777045,-174760.772569605644,      1.060650097437,     -0.414287359291,     -0.158393832569
   732000.000000, -64892.550272293636,-326331.996547765099,-175230.123106015555,      1.060649896636,     -0.406947345574,     -0.154508420796
   735000.000000, -61710.682485348858,-327541.844028150605,-175687.834692601202,      1.060584447449,     -0.399619798605,     -0.150634606652
   738000.000000, -58529.108498740548,-328729.728748027526,-176133.942779129284,      1.060454087797,     -0.392305659116,     -0.146772825135
   741000.000000, -55348.022511461670,-329895.692297604051,-176568.484094285872,      1.060259175883,     -0.385005833259,     -0.142923493931
   744000.000000, -52167.617619125675,-331039.778934721602,-176991.496594373777,      1.060000088875,     -0.377721193444,     -0.139087013836
   747000.000000, -48988.085759001719,-332162.035484869091,-177403.019413268514,      1.059677221626,     -0.370452579161,     -0.135263769171
   750000.000000, -45809.617658809570,-333262.511243638291,-177803.092813611758,      1.059290985447,     -0.363200797787,     -0.131454128194
   753000.000000, -42632.402789143489,-334341.257881569152,-178191.758139220852,      1.058841806916,     -0.355966625374,     -0.127658443497
   756000.000000, -39456.629319396023,-335398.329351333901,-178569.057768692961,      1.058330126736,     -0.348750807420,     -0.123877052405
   759000.000000, -36282.484077054731,-336433.781797212258,-178935.035070183978,      1.057756398627,     -0.341554059622,     -0.120110277364
   762000.000000, -33110.152510246553,-337447.673466809967,-179289.734357341222,      1.057121088269,     -0.334377068623,     -0.116358426318
   765000.000000, -29939.818653407492,-338440.064624975319,-179633.200846370572,      1.056424672276,     -0.327220492729,     -0.112621793091
   768000.000000, -26771.665095957404,-339411.017469869461,-179965.480614218744,      1.055667637217,     -0.320084962625,     -0.108900657748
   771000.000000, -23605.872953862716,-340360.596051147324,-180286.620557851362,      1.054850478671,     -0.312971082070,     -0.105195286962
   774000.000000, -20442.621843972905,-341288.866190207074,-180596.668354608817,      1.053973700323,     -0.305879428580,     -0.101505934369
   777000.000000, -17282.089861019285,-342195.895402466471,-180895.672423620621,      1.053037813092,     -0.298810554097,     -0.097832840918
   780000.000000, -14124.453557167981,-343081.752821626200,-181183.681888260355,      1.052043334299,     -0.291764985642,     -0.094176235211
   783000.000000, -10969.887924021848,-343946.509125879558,-181460.746539622080,      1.050990786869,     -0.284743225961,     -0.090536333849
   786000.000000,  -7818.566376969049,-344790.236466028728,-181726.916800999490,      1.049880698561,     -0.277745754151,     -0.086913341753
   789000.000000,  -4670.660741778974,-345613.008395469049,-181982.243693349126,      1.048713601242,     -0.270773026278,     -0.083307452497
   792000.000000,  -1526.341243348987,-346414.899802001310,-182226.778801717650,      1.047490030180,     -0.263825475981,     -0.079718848620
   795000.000000,   1614.223503491835,-347195.986841434147,-182460.574242614472,      1.046210523377,     -0.256903515056,     -0.076147701942
   798000.000000,   4750.866501213112,-347956.346872937575,-182683.682632309763,      1.044875620925,     -0.250007534042,     -0.072594173867
   801000.000000,   7883.422374936298,-348696.058396110428,-182896.157056038326,      1.043485864399,     -0.243137902780,     -0.069058415685
   804000.000000,  11011.727375996543,-349415.200989722915,-183098.051038090372,      1.042041796273,     -0.236294970968,     -0.065540568857
   807000.000000,  14135.619383796768,-350113.855252099223,-183289.418512769509,      1.040543959362,     -0.229479068700,     -0.062040765310
   810000.000000,  17254.937906034767,-350792.102743101830,-183470.313796199713,      1.038992896294,     -0.222690506993,     -0.058559127712
   813000.000000,  20369.524077381520,-351450.025927683280,-183640.791558962985,      1.037389149008,     -0.215929578309,     -0.055095769745
   816000.000000,  23479.220656686091,-352087.708120969241,-183800.906799549120,      1.035733258272,     -0.209196557052,     -0.051650796376
   819000.000000,  26583.872022779815,-352705.233434839232,-183950.714818601176,      1.034025763233,     -0.202491700068,     -0.048224304117
   822000.000000,  29683.324168949446,-353302.686725970067,-184090.271193938126,      1.032267200978,     -0.195815247122,     -0.044816381282
   825000.000000,  32777.424696146278,-353880.153545308392,-184219.631756338174,      1.030458106128,     -0.189167421373,     -0.041427108237
   828000.000000,  35866.022804995497,-354437.720088939357,-184338.852566065092,      1.028599010449,     -0.182548429831,     -0.038056557648
   831000.000000,  38948.969286667445,-354975.473150316975,-184447.989890120371,      1.026690442479,     -0.175958463804,     -0.034704794713
   834000.000000,  42026.116512670007,-355493.500073823321,-184547.100180202979,      1.024732927181,     -0.169397699342,     -0.031371877404
   837000.000000,  45097.318423619232,-355991.888709623658,-184636.240051359579,      1.022726985610,     -0.162866297654,     -0.028057856685
   840000.000000,  48162.430517043140,-356470.727369782864,-184715.466261306748,      1.020673134602,     -0.156364405533,     -0.024762776741
   843000.000000,  51221.309834271749,-356930.104785611795,-184784.835690407577,      1.018571886475,     -0.149892155749,     -0.021486675187
   846000.000000,  54273.814946464685,-357370.110066209745,-184844.405322284845,      1.016423748752,     -0.143449667455,     -0.018229583283
   849000.000000,  57319.805939825594,-357790.832658171072,-184894.232225053536,      1.014229223896,     -0.137037046560,     -0.014991526130
   852000.000000,  60359.144400051089,-358192.362306424242,-184934.373533155420,      1.011988809066,     -0.130654386104,     -0.011772522876
   855000.000000,  63391.693396059949,-358574.789016171766,-184964.886429779610,      1.009702995882,     -0.124301766622,     -0.008572586905
   858000.000000,  66417.317463046376,-358938.203015900624,-184985.828129852453,      1.007372270204,     -0.117979256493,     -0.005391726021
   861000.000000,  69435.882584899402,-359282.694721433043,-184997.255863581522,      1.004997111936,     -0.111686912285,     -0.002229942637
   864000.000000,  72447.256176028255,-359608.354700987285,-184999.226860537834,      1.002577994824,     -0.105424779082,      0.000912766054
   867000.000000,  75451.307062632113,-359915.273641220003,-184991.798334261606,      1.000115386285,     -0.099192890812,      0.004036407905
   870000.000000,  78447.905463450385,-360203.542314221209,-184975.027467375883,      0.997609747236,     -0.092991270553,      0.007140995647
   873000.000000,  81436.922970028041,-360473.251545431965,-184948.971397193440,      0.995061531939,     -0.086819930845,      0.010226546729
   876000.000000,  84418.232526529187,-360724.492182458111,-184913.687201801804,      0.992471187855,     -0.080678873973,      0.013293083160
   879000.000000,  87391.708409129889,-360957.355064749892,-184869.231886610971,      0.989839155508,     -0.074568092260,      0.016340631357
   882000.000000,  90357.226205020619,-361171.930994120718,-184815.662371348997,      0.987165868364,     -0.068487568337,      0.019369222001
   885000.000000,  93314.662791046823,-361368.310706075747,-184753.035477490164,      0.984451752709,     -0.062437275412,      0.022378889891
   888000.000000,  96263.896312015364,-361546.584841923264,-184681.407916100492,      0.981697227547,     -0.056417177521,      0.025369673811
   891000.000000,  99204.806158693289,-361706.843921640422,-184600.836276086076,      0.978902704499,     -0.050427229780,      0.028341616395
   894000.000000, 102137.272945524775,-361849.178317466693,-184511.377012828685,      0.976068587714,     -0.044467378621,      0.031294764003
   897000.000000, 105061.178488090707,-361973.678228197503,-184413.086437195539,      0.973195273788,     -0.038537562020,      0.034229166600
   900000.000000, 107976.405780334797,-362080.433654151566,-184306.020704907918,      0.970283151688,     -0.032637709718,      0.037144877632
   903000.000000, 110882.838971579127,-362169.534372786758,-184190.235806256213,      0.967332602689,     -0.026767743436,      0.040041953921
   906000.000000, 113780.363343350997,-362241.069914938009,-184065.787556147494,      0.964344000311,     -0.020927577071,      0.042920455550
   909000.000000, 116668.865286041619,-362295.129541653034,-183932.731584473397,      0.961317710268,     -0.015117116899,      0.045780445763
   912000.000000, 119548.232275416740,-362331.802221601596,-183791.123326785193,      0.958254090421,     -0.009336261756,      0.048621990860
   915000.000000, 122418.352848997762,-362351.176609033369,-183641.018015264010,      0.955153490740,     -0.003584903222,      0.051445160104
   918000.000000, 125279.116582330971,-362353.341022261826,-183482.470669973263,      0.952016253267,      0.002137074213,      0.054250025629
   921000.000000, 128130.414065161749,-362338.383422648534,-183315.536090381182,      0.948842712089,      0.007829792980,      0.057036662352
   924000.000000, 130972.136877530022,-362306.391394066333,-183140.268847140251,      0.945633193311,      0.013493382282,      0.059805147885
   927000.000000, 133804.177565801976,-362257.452122815652,-182956.723274110846,      0.942388015042,      0.019127977941,      0.062555562464
   930000.000000, 136626.429618653754,-362191.652377972030,-182764.953460616613,      0.939107487378,      0.024733722261,      0.065287988866
   933000.000000, 139438.787443021167,-362109.078492139699,-182565.013243917958,      0.935791912396,      0.030310763898,      0.068002512345
   936000.000000, 142241.146340030304,-362009.816342589795,-182356.956201891851,      0.932441584146,      0.035859257732,      0.070699220558
   939000.000000, 145033.402480923338,-361893.951332758414,-182140.835645904968,      0.929056788655,      0.041379364754,      0.073378203511
   942000.000000, 147815.452882993151,-361761.568374083377,-181916.704613868264,      0.925637803931,      0.046871251954,      0.076039553494
   945000.000000, 150587.195385541243,-361612.751868156483,-181684.615863461426,      0.922184899974,      0.052335092223,      0.078683365028
   948000.000000, 153348.528625872277,-361447.585689170752,-181444.621865515219,      0.918698338788,      0.057771064255,      0.081309734817
   951000.000000, 156099.352015338169,-361266.153166639968,-181196.774797541148,      0.915178374405,      0.063179352461,      0.083918761695
   954000.000000, 158839.565715445642,-361068.537068371486,-180941.126537396864,      0.911625252901,      0.068560146887,      0.086510546590
   957000.000000, 161569.070614039199,-360854.819583670585,-180677.728657076543,      0.908039212429,      0.073913643144,      0.089085192477
   960000.000000, 164287.768301572534,-360625.082306756696,-180406.632416615466,      0.904420483248,      0.079240042334,      0.091642804348
   963000.000000, 166995.561047480413,-360379.406220371777,-180127.888758097426,      0.900769287759,      0.084539550997,      0.094183489174
   966000.000000, 169692.351776663534,-360117.871679560631,-179841.548299754329,      0.897085840546,      0.089812381051,      0.096707355880
   969000.000000, 172378.044046098337,-359840.558395603963,-179547.661330146191,      0.893370348417,      0.095058749745,      0.099214515319
   972000.000000, 175052.542021584086,-359547.545420084265,-179246.277802410885,      0.889623010453,      0.100278879622,      0.101705080250
   975000.000000, 177715.750454640161,-359238.911129065324,-178937.447328571492,      0.885844018061,      0.105472998481,      0.104179165320
   978000.000000, 180367.574659565813,-358914.733207365614,-178621.219173890713,      0.882033555032,      0.110641339348,      0.106636887053
   981000.000000, 183007.920490676508,-358575.088632907486,-178297.642251260055,      0.878191797597,      0.115784140458,      0.109078363840
   984000.000000, 185636.694319729955,-358220.053661121987,-177966.765115613467,      0.874318914497,      0.120901645236,      0.111503715927
   987000.000000, 188253.803013557044,-357849.703809392347,-177628.635958353902,      0.870415067052,      0.125994102287,      0.113913065421
   990000.000000, 190859.153911912173,-357464.113841517887,-177283.302601782489,      0.866480409237,      0.131061765394,      0.116306536284
   993000.000000, 193452.654805558850,-357063.357752180600,-176930.812493519392,      0.862515087764,      0.136104893521,      0.118684254341
   996000.000000, 196034.213914606778,-356647.508751399117,-176571.212700906734,      0.858519242167,      0.141123750815,      0.121046347289
   999000.000000, 198603.739867117227,-356216.639248952793,-176204.549905383115,      0.854493004895,      0.146118606622,      0.123392944702
  1002000.000000, 201161.141677993437,-355770.820838762156,-175830.870396820043,      0.850436501411,      0.151089735507,      0.125724178053
  1005000.000000, 203706.328728174383,-355310.124283209443,-175450.220067810238,      0.846349850293,      0.156037417268,      0.128040180725
  1008000.000000, 206239.210744149634,-354834.619497386273,-175062.644407897751,      0.842233163350,      0.160961936972,      0.130341088037
  1011000.000000, 208759.697777814610,-354344.375533253886,-174668.188497740193,      0.838086545730,      0.165863584978,      0.132627037265
  1014000.000000, 211267.700186685950,-353839.460563703149,-174266.897003192280,      0.833910096053,      0.170742656979,      0.134898167674
  1017000.000000, 213763.128614497313,-353319.941866500885,-173858.814169301098,      0.829703906533,      0.175599454039,      0.137154620544
  1020000.000000, 216245.893972197780,-352785.885808110179,-173443.983814202278,      0.825468063123,      0.180434282638,      0.139396539208
  1023000.000000, 218715.907419375668,-352237.357827374013,-173022.449322907691,      0.821202645655,      0.185247454718,      0.141624069088
  1026000.000000, 221173.080346132192,-351674.422419049370,-172594.253640974261,      0.816907727998,      0.190039287736,      0.143837357739
  1029000.000000, 223617.324355429941,-351097.143117184227,-172159.439268044924,      0.812583378219,      0.194810104716,      0.146036554891
  1032000.000000, 226048.551245944283,-350505.582478326454,-171718.048251252330,      0.808229658756,      0.199560234311,      0.148221812495
  1035000.000000, 228466.672995444911,-349899.802064559015,-171270.122178476799,      0.803846626598,      0.204290010856,      0.150393284776
  1038000.000000, 230871.601744737680,-349279.862426354492,-170815.702171450510,      0.799434333479,      0.208999774432,      0.152551128284
  1041000.000000, 233263.249782197963,-348645.823085243639,-170354.828878699860,      0.794992826079,      0.213689870929,      0.154695501948
  1044000.000000, 235641.529528927204,-347997.742516296799,-169887.542468318919,      0.790522146240,      0.218360652108,      0.156826567138
  1047000.000000, 238006.353524566599,-347335.678130414512,-169413.882620566699,      0.786022331185,      0.223012475666,      0.158944487718
  1050000.000000, 240357.634413802502,-346659.686256428540,-168933.888520282228,      0.781493413760,      0.227645705296,      0.161049430114
  1053000.000000, 242695.284933599527,-345969.822123015067,-168447.598849110509,      0.776935422681,      0.232260710752,      0.163141563373
  1056000.000000, 245019.217901199183,-345266.139840423013,-167955.051777533954,      0.772348382794,      0.236857867908,      0.165221059234
  1059000.000000, 247329.346202922228,-344548.692382022797,-167456.284956704039,      0.767732315354,      0.241437558818,      0.167288092191
  1062000.000000, 249625.582783815509,-343817.531565682846,-166951.335510068166,      0.763087238306,      0.246000171771,      0.169342839564
  1065000.000000, 251907.840638184629,-343072.708034983661,-166440.240024787548,      0.758413166595,      0.250546101347,      0.171385481569
  1068000.000000, 254176.032801056019,-342314.271240279544,-165923.034542943060,      0.753710112477,      0.255075748457,      0.173416201388
  1071000.000000, 256430.072340612736,-341542.269419623772,-165399.754552526574,      0.748978085857,      0.259589520397,      0.175435185244
  1074000.000000, 258669.872351651138,-340756.749579572817,-164870.434978216013,      0.744217094633,      0.264087830876,      0.177442622469
  1077000.000000, 260895.345950105140,-339957.757475889870,-164335.110171934706,      0.739427145060,      0.268571100050,      0.179438705579
  1080000.000000, 263106.406268688384,-339145.337594171055,-163793.813903195754,      0.734608242134,      0.273039754544,      0.181423630344
  1083000.000000, 265302.966453703353,-338319.533130419848,-163246.579349234002,      0.729760389987,      0.277494227462,      0.183397595858
  1086000.000000, 267484.939663070312,-337480.385971601470,-162693.439084930054,      0.724883592301,      0.281934958393,      0.185360804606
  1089000.000000, 269652.239065626403,-336627.936676209676,-162134.425072531449,      0.719977852746,      0.286362393392,      0.187313462537
  1092000.000000, 271804.777841748903,-335762.224454885174,-161569.568651178648,      0.715043175423,      0.290776984968,      0.189255779118
  1095000.000000, 273942.469185354654,-334883.287151126657,-160998.900526243931,      0.710079565336,      0.295179192032,      0.191187967402
  1098000.000000, 276065.226307328965,-333991.161222141469,-160422.450758494320,      0.705087028876,      0.299569479856,      0.193110244083
  1101000.000000, 278172.962440436648,-333085.881719885219,-159840.248753089661,      0.700065574323,      0.303948319991,      0.195022829547
  1104000.000000, 280265.590845768340,-332167.482272345747,-159252.323248430912,      0.695015212369,      0.308316190179,      0.196925947921
  1107000.000000, 282343.024820772640,-331235.995065130002,-158658.702304873994,      0.689935956653,      0.312673574245,      0.198819827114
  1110000.000000, 284405.177708927251,-330291.450823418098,-158059.413293327554,      0.684827824315,      0.317020961959,      0.200704698855
  1113000.000000, 286451.962911097216,-329333.878794352466,-157454.482883755729,      0.679690836569,      0.321358848881,      0.202580798715
  1116000.000000, 288483.293898631004,-328363.306729936565,-156843.937033608963,      0.674525019289,      0.325687736177,      0.204448366134
  1119000.000000, 290499.084228239139,-327379.760870521830,-156227.800976208935,      0.669330403612,      0.330008130412,      0.206307644426
  1122000.000000, 292499.247558702133,-326383.265928967099,-155606.099209117208,      0.664107026551,      0.334320543307,      0.208158880783
  1125000.000000, 294483.697669446818,-325373.845075560792,-154978.855482519022,      0.658854931630,      0.338625491473,      0.210002326261
  1128000.000000, 296452.348481031309,-324351.519923801301,-154346.092787657777,      0.653574169520,      0.342923496107,      0.211838235760
  1131000.000000, 298405.114077570674,-323316.310517136240,-153707.833345358871,      0.648264798697,      0.347215082653,      0.213666867985
  1134000.000000, 300341.908731133619,-322268.235316766892,-153064.098594683601,      0.642926886099,      0.351500780432,      0.215488485397
  1137000.000000, 302262.646928132512,-321207.311190630542,-152414.909181758499,      0.637560507795,      0.355781122227,      0.217303354147
  1140000.000000, 304167.243397724582,-320133.553403674916,-151760.284948828135,      0.632165749659,      0.360056643836,      0.219111743989
  1143000.000000, 306055.613142234040,-319046.975609549147,-151100.244923581573,      0.626742708041,      0.364327883576,      0.220913928187
  1146000.000000, 307927.671469598834,-317947.589843833819,-150434.807308807824,      0.621291490445,      0.368595381749,      0.222710183391
  1149000.000000, 309783.334027833946,-316835.406518942327,-149763.989472437417,      0.615812216196,      0.372859680063,      0.224500789497
  1152000.000000, 311622.516841499135,-315710.434420825157,-149087.807938030513,      0.610305017109,      0.377121321012,      0.226286029494
  1155000.000000, 313445.136350144574,-314572.680707614694,-148406.278375775641,      0.604770038138,      0.381380847198,      0.228066189277
  1158000.000000, 315251.109448700037,-313422.150910349155,-147719.415594066289,      0.599207438020,      0.385638800625,      0.229841557444
  1161000.000000, 317040.353529761138,-312258.848935916321,-147027.233531724516,      0.593617389898,      0.389895721926,      0.231612425071
  1164000.000000, 318812.786527715041,-311082.777072361379,-146329.745250945445,      0.588000081922,      0.394152149556,      0.233379085457
  1167000.000000, 320568.326964633889,-309893.935996699729,-145626.962931036920,      0.582355717825,      0.398408618933,      0.235141833845
  1170000.000000, 322306.893997852807,-308692.324785380217,-144918.897863033402,      0.576684517471,      0.402665661529,      0.236900967121
  1173000.000000, 324028.407469133381,-307477.940927539719,-144205.560445263167,      0.570986717362,      0.406923803916,      0.238656783479
  1176000.000000, 325732.787955299835,-306250.780341188773,-143486.960179950926,      0.565262571113,      0.411183566768,      0.240409582065
  1179000.000000, 327419.956820220104,-305010.837392466201,-142763.105670938647,      0.559512349871,      0.415445463816,      0.242159662589
  1182000.000000, 329089.836267986568,-303758.104918093304,-142034.004622607434,      0.553736342697,      0.419710000757,      0.243907324911
  1185000.000000, 330742.349397136830,-302492.574251154205,-141299.663840085064,      0.547934856875,      0.423977674125,      0.245652868596
  1188000.000000, 332377.420255737612,-301214.235250320984,-140560.089230821206,      0.542108218177,      0.428248970130,      0.247396592450
  1191000.000000, 333994.973897137621,-299923.076332632743,-139815.285807612701,      0.536256771045,      0.432524363450,      0.249138794018
  1194000.000000, 335594.936436181481,-298619.084509927256,-139065.257693158899,      0.530380878714,      0.436804315998,      0.250879769063
  1197000.000000, 337177.235105657368,-297302.245429013041,-138310.008126225031,      0.524480923245,      0.441089275668,      0.252619811019
  1200000.000000, 338741.798312739178,-295972.543415654276,-137549.539469487529,      0.518557305486,      0.445379675049,      0.254359210414
  1203000.000000, 340288.555695165647,-294629.961522428086,-136783.853219133103,      0.512610444936,      0.449675930125,      0.256098254278
  1206000.000000, 341817.438176888449,-293274.481580495136,-136012.950016276736,      0.506640779525,      0.453978438970,      0.257837225525
  1209000.000000, 343328.378022904682,-291906.084255309310,-135236.829660260410,      0.500648765293,      0.458287580429,      0.259576402315
  1212000.000000, 344821.308892980742,-290524.749106270669,-134455.491123886255,      0.494634875968,      0.462603712809,      0.261316057404
  1215000.000000, 346296.165893960977,-289130.454650306783,-133668.932570632518,      0.488599602444,      0.466927172568,      0.263056457473
  1218000.000000, 347752.885630347708,-287723.178429346008,-132877.151373891305,      0.482543452151,      0.471258273033,      0.264797862451
  1221000.000000, 349191.406252831221,-286302.897081622097,-132080.144138259435,      0.476466948320,      0.475597303132,      0.266540524825
  1224000.000000, 350611.667504442739,-284869.586416727747,-131277.906722903164,      0.470370629131,      0.479944526163,      0.268284688945
  1227000.000000, 352013.610764001380,-283423.221494307858,-130470.434267007877,      0.464255046759,      0.484300178598,      0.270030590331
  1230000.000000, 353397.179086523247,-281963.776706259756,-129657.721217312530,      0.458120766307,      0.488664468944,      0.271778454980
  1233000.000000, 354762.317240266304,-280491.225862280815,-128839.761357716532,      0.451968364628,      0.493037576651,      0.273528498675
  1236000.000000, 356108.971740084933,-279005.542278578563,-128016.547840935076,      0.445798429045,      0.497419651098,      0.275280926310
  1239000.000000, 357437.090876779053,-277506.698869532207,-127188.073222166015,      0.439611555959,      0.501810810642,      0.277035931227
  1242000.000000, 358746.624742131447,-275994.668242070184,-126354.329494718375,      0.433408349367,      0.506211141755,      0.278793694571
  1245000.000000, 360037.525249340397,-274469.422792501864,-125515.308127539611,      0.427189419279,      0.510620698257,      0.280554384669
  1248000.000000, 361309.746148571605,-272930.934805520810,-124671.000104565595,      0.420955380044,      0.515039500636,      0.282318156439
  1251000.000000, 362563.243037372886,-271379.176555072365,-123821.395965804302,      0.414706848602,      0.519467535483,      0.284085150825
  1254000.000000, 363797.973365716403,-269814.120406758972,-122966.485850051409,      0.408444442654,      0.523904755036,      0.285855494274
  1257000.000000, 365013.896435459726,-268235.738921439566,-122106.259539123654,      0.402168778768,      0.528351076840,      0.287629298246
  1260000.000000, 366210.973394043685,-266644.004959660582,-121240.706503483685,      0.395880470435,      0.532806383533,      0.289406658781
  1263000.000000, 367389.167222273827,-265038.891786545049,-120369.815949119467,      0.389580126072,      0.537270522755,      0.291187656095
  1266000.000000, 368548.442716066493,-263420.373176753812,-119493.576865529860,      0.383268346996,      0.541743307192,      0.292972354244
  1269000.000000, 369688.766462072148,-261788.423519125587,-118611.978074659477,      0.376945725370,      0.546224514746,      0.294760800832
  1272000.000000, 370810.106807124102,-260143.017920596671,-117725.008280616414,      0.370612842141,      0.550713888845,      0.296553026779
  1275000.000000, 371912.433821497951,-258484.132309000212,-116832.656119999388,      0.364270264981,      0.555211138882,      0.298349046147
  1278000.000000, 372995.719256002805,-256811.743534345704,-115934.910212655101,      0.357918546235,      0.559715940786,      0.300148856028
  1281000.000000, 374059.936492964451,-255125.829468183510,-115031.759212681078,      0.351558220901,      0.564227937727,      0.301952436493
  1284000.000000, 375105.060491197044,-253426.369100668118,-114123.191859487022,      0.345189804646,      0.568746740949,      0.303759750604
  1287000.000000, 376131.067725098517,-251713.342634944944,-113209.197028725466,      0.338813791876,      0.573271930717,      0.305570744488
  1290000.000000, 377137.936118040991,-249986.731578499574,-112289.763782902941,      0.332430653862,      0.577803057393,      0.307385347476
  1293000.000000, 378125.644970263354,-248246.518831127672,-111364.881421484461,      0.326040836952,      0.582339642614,      0.309203472304
  1296000.000000, 379094.174881507875,-246492.688769202505,-110434.539530307418,      0.319644760856,      0.586881180580,      0.311025015370
  1299000.000000, 380043.507668673352,-244725.227325943881,-109498.728030125989,      0.313242817041,      0.591427139431,      0.312849857055
  1302000.000000, 380973.626278789423,-242944.122067416116,-108557.437224113353,      0.306835367221,      0.595976962715,      0.314677862099
  1305000.000000, 381884.514697641367,-241149.362264012074,-107610.657844157075,      0.300422741963,      0.600530070927,      0.316508880028
  1308000.000000, 382776.157854400924,-239340.938957211445,-106658.381095791701,      0.294005239421,      0.605085863121,      0.318342745636
  1311000.000000, 383648.541522638057,-237518.845021432324,-105700.598701623268,      0.287583124196,      0.609643718566,      0.320179279506
  1314000.000000, 384501.652218106901,-235683.075220828905,-104737.302943111732,      0.281156626320,      0.614202998454,      0.322018288584
  1317000.000000, 385335.477093713940,-233833.626260921883,-103768.486700589201,      0.274725940394,      0.618763047641,      0.323859566780
  1320000.000000, 386150.003832084360,-231970.496834981634,-102794.143491405674,      0.268291224855,      0.623323196400,      0.325702895613
  1323000.000000, 386945.220536153705,-230093.687665119214,-101814.267506106728,      0.261852601386,      0.627882762192,      0.327548044882
  1326000.000000, 387721.115618210402,-228203.201538074150,-100828.853642563161,      0.255410154477,      0.632441051430,      0.329394773357
  1329000.000000, 388477.677687819465,-226299.043335719587, -99837.897537985613,      0.248963931117,      0.636997361236,      0.331242829493
  1332000.000000, 389214.895439050160,-224381.220060339430, -98841.395598773641,      0.242513940638,      0.641550981167,      0.333091952165
  1335000.000000, 389932.757537427300,-222449.740854761651, -97839.345028162177,      0.236060154686,      0.646101194915,      0.334941871400
  1338000.000000, 390631.252507014142,-220504.617017461685, -96831.743851643812,      0.229602507336,      0.650647281963,      0.336792309121
  1341000.000000, 391310.368618023349,-218545.862012777186, -95818.590940159906,      0.223140895331,      0.655188519182,      0.338642979897
  1344000.000000, 391970.093775337853,-216573.491476401541, -94799.886031066810,      0.216675178446,      0.659724182382,      0.340493591672
  1347000.000000, 392610.415408305766,-214587.523216346046, -93775.629746898034,      0.210205179971,      0.664253547782,      0.342343846504
  1350000.000000, 393231.320362153230,-212587.977209582925, -92745.823611955057,      0.203730687310,      0.668775893415,      0.344193441275
  1353000.000000, 393832.794791341003,-210574.875594599056, -91710.470066771944,      0.197251452675,      0.673290500452,      0.346042068396
  1356000.000000, 394414.824055162899,-208548.242660106946, -90669.572480510091,      0.190767193882,      0.677796654438,      0.347889416482
  1359000.000000, 394977.392615865101,-206508.104830172728, -89623.135161349070,      0.184277595236,      0.682293646443,      0.349735171014
  1362000.000000, 395520.483939536382,-204454.490646032005, -88571.163364949040,      0.177782308495,      0.686780774119,      0.351579014960
  1365000.000000, 396044.080399996252,-202387.430744872428, -87513.663301068242,      0.171280953900,      0.691257342665,      0.353420629383
  1368000.000000, 396548.163185881393,-200306.957835867273, -86450.642138425639,      0.164773121274,      0.695722665695,      0.355259694006
  1371000.000000, 397032.712211104867,-198213.106673747912, -85382.108007905568,      0.158258371175,      0.700176066010,      0.357095887748
  1374000.000000, 397497.706028838176,-196105.914030203974, -84308.070004205569,      0.151736236087,      0.704616876276,      0.358928889229
  1377000.000000, 397943.121749139857,-193985.418663399032, -83228.538186033169,      0.145206221659,      0.709044439600,      0.360758377230
  1380000.000000, 398368.934960333514,-191851.661285886337, -82143.523574959952,      0.138667807964,      0.713458110021,      0.362584031129
  1383000.000000, 398775.119654211274,-189704.684531204199, -81053.038153044254,      0.132120450790,      0.717857252901,      0.364405531287
  1386000.000000, 399161.648155120609,-187544.532919426099, -79957.094859334145,      0.125563582939,      0.722241245231,      0.366222559405
  1389000.000000, 399528.491052969126,-185371.252821930189, -78855.707585363736,      0.118996615534,      0.726609475847,      0.368034798840
  1392000.000000, 399875.617140164366,-183184.892425646860, -77748.891169754876,      0.112418939335,      0.730961345560,      0.369841934887
  1395000.000000, 400202.993352485355,-180985.501697031199, -76636.661392035458,      0.105829926049,      0.735296267211,      0.371643655019
  1398000.000000, 400510.584713868797,-178773.132345996972, -75519.034965783663,      0.099228929624,      0.739613665643,      0.373439649094
  1401000.000000, 400798.354285073874,-176547.837790037331, -74396.029531205131,      0.092615287538,      0.743912977604,      0.375229609527
  1404000.000000, 401066.263116178627,-174309.673118744540, -73267.663647246853,      0.085988322069,      0.748193651579,      0.377013231429
  1407000.000000, 401314.270202846965,-172058.695058928832, -72133.956783348302,      0.079347341535,      0.752455147562,      0.378790212710
  1410000.000000, 401542.332446294080,-169794.961940522538, -70994.929310926324,      0.072691641520,      0.756696936758,      0.380560254150
  1413000.000000, 401750.404616868822,-167518.533663442853, -69850.602494686085,      0.066020506060,      0.760918501242,      0.382323059449
  1416000.000000, 401938.439321164973,-165229.471665572812, -68700.998483846066,      0.059333208804,      0.765119333559,      0.384078335232
  1419000.000000, 402106.386972563516,-162927.838892006490, -67546.140303360240,      0.052629014147,      0.769298936278,      0.385825791045
  1422000.000000, 402254.195765106590,-160613.699765691214, -66386.051845215974,      0.045907178314,      0.773456821511,      0.387565139312
  1425000.000000, 402381.811650597432,-158287.120159586746, -65220.757859881312,      0.039166950427,      0.777592510381,      0.389296095276
  1428000.000000, 402489.178318819497,-155948.167370448558, -64050.283947970514,      0.032407573520,      0.781705532471,      0.391018376915
  1431000.000000, 402576.237180766650,-153596.910094330640, -62874.656552191642,      0.025628285525,      0.785795425233,      0.392731704836
  1434000.000000, 402642.927354775893,-151233.418403891294, -61693.902949635456,      0.018828320228,      0.789861733375,      0.394435802154
  1437000.000000, 402689.185655454581,-148857.763727574871, -60508.051244459879,      0.012006908173,      0.793904008223,      0.396130394352
  1440000.000000, 402714.946585296770,-146470.018830731860, -59317.130361019612,      0.005163277550,      0.797921807069,      0.397815209122
  1443000.000000, 402720.142328884103,-144070.257798730134, -58121.170037485754,     -0.001703344967,      0.801914692498,      0.399489976197
  1446000.000000, 402704.702749570832,-141658.556022100645, -56920.200819995742,     -0.008593733405,      0.805882231701,      0.401154427169
  1449000.000000, 402668.555388554581,-139234.990183752088, -55714.254057369275,     -0.015508661714,      0.809823995784,      0.402808295292
  1452000.000000, 402611.625466239173,-136799.638248281146, -54503.361896421731,     -0.022448903018,      0.813739559066,      0.404451315279
  1455000.000000, 402533.835885800479,-134352.579453396640, -53287.557277902095,     -0.029415228894,      0.817628498368,      0.406083223093
  1458000.000000, 402435.107238869590,-131893.894303468493, -52066.873933078707,     -0.036408408680,      0.821490392310,      0.407703755720
  1461000.000000, 402315.357813255570,-129423.664565205734, -50841.346380992094,     -0.043429208811,      0.825324820595,      0.409312650955
  1464000.000000, 402174.503602632903,-126941.973265461362, -49611.009926390681,     -0.050478392171,      0.829131363306,      0.410909647160
  1467000.000000, 402012.458318127843,-124448.904691155898, -48375.900658361737,     -0.057556717472,      0.832909600198,      0.412494483040
  1470000.000000, 401829.133401743602,-121944.544391306510, -47136.055449666877,     -0.064664938651,      0.836659110001,      0.414066897401
  1473000.000000, 401624.438041570771,-119428.979181143673, -45891.511956788345,     -0.071803804283,      0.840379469729,      0.415626628917
  1476000.000000, 401398.279188737506,-116902.297148293321, -44642.308620689357,     -0.078974057007,      0.844070253992,      0.417173415888
  1479000.000000, 401150.561576061300,-114364.587660998819, -43388.484668289530,     -0.086176432965,      0.847731034322,      0.418706996002
  1482000.000000, 400881.187738370500,-111815.941378353789, -42130.080114653305,     -0.093411661249,      0.851361378511,      0.420227106102
  1485000.000000, 400590.058034472575,-109256.450262513856, -40867.135765887229,     -0.100680463357,      0.854960849951,      0.421733481946
  1488000.000000, 400277.070670752088,-106686.207592852923, -39599.693222739479,     -0.107983552651,      0.858529006997,      0.423225857975
  1491000.000000, 399942.121726389159,-104105.307982027109, -38327.794884892559,     -0.115321633815,      0.862065402337,      0.424703967088
  1494000.000000, 399585.105180195766,-101513.847393906952, -37051.483955938267,     -0.122695402320,      0.865569582372,      0.426167540409
  1497000.000000, 399205.912939075090, -98911.923163337138, -35770.804449021656,     -0.130105543877,      0.869041086618,      0.427616307074
  1500000.000000, 398804.434868114884, -96299.634017679826, -34485.801193138774,     -0.137552733892,      0.872479447117,      0.429049994013
  1503000.000000, 398380.558822334569, -93677.080100096820, -33196.519840071072,     -0.145037636913,      0.875884187868,      0.430468325738
  1506000.000000, 397934.170680110983, -91044.362994523035, -31903.006871937603,     -0.152560906059,      0.879254824265,      0.431871024144
  1509000.000000, 397465.154378316365, -88401.585752282437, -30605.309609344094,     -0.160123182449,      0.882590862565,      0.433257808313
  1512000.000000, 396973.391949209385, -85748.852920295409, -29303.476220106630,     -0.167725094607,      0.885891799363,      0.434628394327
  1515000.000000, 396458.763559126994, -83086.270570825116, -27997.555728525625,     -0.175367257853,      0.889157121086,      0.435982495085
  1518000.000000, 395921.147549032990, -80413.946332708583, -26687.598025184463,     -0.183050273676,      0.892386303510,      0.437319820138
  1521000.000000, 395360.420476987667, -77731.989424016807, -25373.653877245222,     -0.190774729079,      0.895578811295,      0.438640075523
  1524000.000000, 394776.457162608393, -75040.510686086927, -24055.774939212464,     -0.198541195905,      0.898734097531,      0.439942963616
  1527000.000000, 394169.130733602797, -72339.622618867768, -22734.013764134135,     -0.206350230132,      0.901851603316,      0.441228182991
  1530000.000000, 393538.312674459070, -69629.439417519141, -21408.423815206905,     -0.214202371137,      0.904930757346,      0.442495428288
  1533000.000000, 392883.872877388960, -66910.077010203517, -20079.059477751369,     -0.222098140929,      0.907970975527,      0.443744390099
  1536000.000000, 392205.679695624451, -64181.653097006820, -18745.976071520545,     -0.230038043349,      0.910971660610,      0.444974754860
  1539000.000000, 391503.599999176164, -61444.287189923896, -17409.229863303019,     -0.238022563227,      0.913932201851,      0.446186204764
  1542000.000000, 390777.499233169947, -58698.100653841029, -16068.878079779959,     -0.246052165506,      0.916851974682,      0.447378417678
  1545000.000000, 390027.241478883137, -55943.216748446037, -14724.978920593079,     -0.254127294318,      0.919730340421,      0.448551067085
  1548000.000000, 389252.689517611172, -53179.760670993244, -13377.591571578196,     -0.262248372021,      0.922566645996,      0.449703822034
  1551000.000000, 388453.704897501215, -50407.859599847587, -12026.776218116864,     -0.270415798184,      0.925360223700,      0.450836347107
  1554000.000000, 387630.148003498791, -47627.642738728791, -10672.594058555964,     -0.278629948524,      0.928110390969,      0.451948302411
  1557000.000000, 386781.878130560799, -44839.241361572924,  -9315.107317642669,     -0.286891173791,      0.930816450193,      0.453039343575
  1560000.000000, 385908.753560295736, -42042.788857925036,  -7954.379259919471,     -0.295199798602,      0.933477688552,      0.454109121778
  1563000.000000, 385010.631641203654, -39238.420778772961,  -6590.474203021167,     -0.303556120203,      0.936093377885,      0.455157283789
  1566000.000000, 384087.368872693332, -36426.274882728248,  -5223.457530812694,     -0.311960407188,      0.938662774589,      0.456183472031
  1569000.000000, 383138.820993066009, -33606.491182456179,  -3853.395706303566,     -0.320412898137,      0.941185119557,      0.457187324667
  1572000.000000, 382164.843071662355, -30779.211991252796,  -2480.356284271333,     -0.328913800200,      0.943659638140,      0.458168475709
  1575000.000000, 381165.289605378115, -27944.581969662064,  -1104.407923523015,     -0.337463287603,      0.946085540159,      0.459126555150
  1578000.000000, 380140.014619763591, -25102.748172021715,    274.379601280200,     -0.346061500083,      0.948462019941,      0.460061189122
  1581000.000000, 379088.871774929517, -22253.860092821196,   1655.935388313491,     -0.354708541251,      0.950788256408,      0.460972000084
  1584000.000000, 378011.714476491092, -19398.069712749704,   3040.187397876579,     -0.363404476865,      0.953063413196,      0.461858607032
  1587000.000000, 376908.395991791855, -16535.531544306537,   4427.062442366036,     -0.372149333041,      0.955286638827,      0.462720625743
  1590000.000000, 375778.769571654906, -13666.402676839949,   5816.486177022358,     -0.380943094357,      0.957457066919,      0.463557669052
  1593000.000000, 374622.688577921537, -10790.842820874161,   7208.383091546722,     -0.389785701884,      0.959573816451,      0.464369347152
  1596000.000000, 373440.006617043749,  -7909.014351577529,   8602.676502686678,     -0.398677051127,      0.961635992072,      0.465155267940
  1599000.000000, 372230.577680008020,  -5021.082351217932,   9999.288547894545,     -0.407616989857,      0.963642684465,      0.465915037387
  1602000.000000, 370994.256288877223,  -2127.214650444225,  11398.140180166716,     -0.416605315867,      0.965592970766,      0.466648259957
  1605000.000000, 369730.897650247498,    772.418131774446,  12799.151164176801,     -0.425641774609,      0.967485915044,      0.467354539050
  1608000.000000, 368440.357815926953,   3677.642549726887,  14202.240073820074,     -0.434726056736,      0.969320568830,      0.468033477497
  1611000.000000, 367122.493851154402,   6588.282294238031,  15607.324291291483,     -0.443857795538,      0.971095971722,      0.468684678094
  1614000.000000, 365777.164010685927,   9504.158157836144,  17014.320007824135,     -0.453036564258,      0.972811152040,      0.469307744170
  1617000.000000, 364404.227923086437,  12425.088002004661,  18423.142226219745,     -0.462261873305,      0.974465127560,      0.469902280215
  1620000.000000, 363003.546783576079,  15350.886726720344,  19833.704765307055,     -0.471533167339,      0.976056906308,      0.470467892539
  1623000.000000, 361574.983555786137,  18281.366242485226,  21245.920266468587,     -0.480849822243,      0.977585487425,      0.471004189990
  1626000.000000, 360118.403182792652,  21216.335445065233,  22659.700202379867,     -0.490211141968,      0.979049862107,      0.471510784713
  1629000.000000, 358633.672807799594,  24155.600193153368,  24074.954888109085,     -0.499616355253,      0.980449014619,      0.471987292965
  1632000.000000, 357120.662004854472,  27098.963289179876,  25491.593494728168,     -0.509064612219,      0.981781923375,      0.472433335973
  1635000.000000, 355579.243019983987,  30046.224463495746,  26909.524065588725,     -0.518554980825,      0.983047562108,      0.472848540852
  1638000.000000, 354009.291023145022,  32997.180362158964,  28328.653535418413,     -0.528086443202,      0.984244901102,      0.473232541571
  1641000.000000, 352410.684371392068,  35951.624538555108,  29748.887752394283,     -0.537657891841,      0.985372908518,      0.473584979968
  1644000.000000, 350783.304883667326,  38909.347449084460,  31170.131503349978,     -0.547268125657,      0.986430551777,      0.473905506825
  1647000.000000, 349127.038127624954,  41870.136453147104,  32592.288542272974,     -0.556915845903,      0.987416799042,      0.474193782987
  1650000.000000, 347441.773718903540,  44833.775817654292,  34015.261622246013,     -0.566599651954,      0.988330620755,      0.474449480539
  1653000.000000, 345727.405633264163,  47800.046726289525,  35438.952530983777,     -0.576318036950,      0.989170991265,      0.474672284026
  1656000.000000, 343983.832532010449,  50768.727293734744,  36863.262130110772,     -0.586069383294,      0.989936890510,      0.474861891724
  1659000.000000, 342210.958101106691,  53739.592585066530,  38288.090398319684,     -0.595851958026,      0.990627305778,      0.475018016959
  1662000.000000, 340408.691404403769,  56712.414640513227,  39713.336478540761,     -0.605663908042,      0.991241233524,      0.475140389461
  1665000.000000, 338576.947251376754,  59686.962505746633,  41138.898729241220,     -0.615503255201,      0.991777681238,      0.475228756759
  1668000.000000, 336715.646579765889,  62663.002267860138,  42564.674779959787,     -0.625367891286,      0.992235669367,      0.475282885611
  1671000.000000, 334824.716853498307,  65640.297097160175,  43990.561591164485,     -0.635255572852,      0.992614233269,      0.475302563457
  1674000.000000, 332904.092476248275,  68618.607294867077,  45416.455518501069,     -0.645163915960,      0.992912425193,      0.475287599889
  1677000.000000, 330953.715220968355,  71597.690346786214,  46842.252381475308,     -0.655090390793,      0.993129316280,      0.475237828135
  1680000.000000, 328973.534675695351,  74577.300982969464,  48267.847536584115,     -0.665032316191,      0.993263998552,      0.475153106541
  1683000.000000, 326963.508705896849,  77557.191243340378,  49693.135954877114,     -0.674986854096,      0.993315586894,      0.475033320039
  1686000.000000, 324923.603933580685,  80537.110549202669,  51118.012303893091,     -0.684951003932,      0.993283220995,      0.474878381594
  1689000.000000, 322853.796233339410,  83516.805780492272,  52542.371033872034,     -0.694921596937,      0.993166067229,      0.474688233606
  1692000.000000, 320754.071245438361,  86496.021358565602,  53966.106468095320,     -0.704895290475,      0.992963320460,      0.474462849254
  1695000.000000, 318624.424905987456,  89474.499334241147,  55389.112897151521,     -0.714868562339,      0.992674205738,      0.474202233767
  1698000.000000, 316464.863994153042,  92451.979480729075,  56811.284676864358,     -0.724837705092,      0.992297979855,      0.473906425591
  1701000.000000, 314275.406696270104,  95428.199390991271,  58232.516329551421,     -0.734798820466,      0.991833932736,      0.473575497440
  1704000.000000, 312056.083186604897,  98402.894578974578,  59652.702648207400,     -0.744747813869,      0.991281388624,      0.473209557188
  1707000.000000, 309806.936224391393, 101375.798584051066,  61071.738803123211,     -0.754680389040,      0.990639707028,      0.472808748594
  1710000.000000, 307528.021766617894, 104346.643077882283,  62489.520450362696,     -0.764592042899,      0.989908283384,      0.472373251814
  1713000.000000, 305219.409595874778, 107315.157972800676,  63905.943841421067,     -0.774478060669,      0.989086549397,      0.471903283670
  1716000.000000, 302881.183962384763, 110281.071530669185,  65320.905933284761,     -0.784333511310,      0.988173973011,      0.471399097640
  1719000.000000, 300513.444239125005, 113244.110471044187,  66734.304498000318,     -0.794153243370,      0.987170057967,      0.470860983537
  1722000.000000, 298116.305588708550, 116204.000077326316,  68146.038230741877,     -0.803931881312,      0.986074342895,      0.470289266822
  1725000.000000, 295689.899640428135, 119160.464299441082,  69556.006855243249,     -0.813663822425,      0.984886399901,      0.469684307523
  1728000.000000, 293234.375175565307, 122113.225851449533,  70964.111225332876,     -0.823343234423,      0.983605832591,      0.469046498715
  1731000.000000, 290749.898818742775, 125062.006302351088,  72370.253421179848,     -0.832964053837,      0.982232273503,      0.468376264507
  1734000.000000, 288236.655732734769, 128006.526158209090,  73774.336838728603,     -0.842519985339,      0.980765380884,      0.467674057503
  1737000.000000, 285694.850313760457, 130946.504933609773,  75176.266270671869,     -0.852004502121,      0.979204834794,      0.466940355697
  1740000.000000, 283124.706883856677, 133881.661210360617,  76575.947977188203,     -0.861410847486,      0.977550332490,      0.466175658747
  1743000.000000, 280526.470376470592, 136811.712681251462,  77973.289744556590,     -0.870732037805,      0.975801583083,      0.465380483611
  1746000.000000, 277900.407010922150, 139736.376176646707,  79368.200929659040,     -0.879960867012,      0.973958301432,      0.464555359500
  1749000.000000, 275246.804950870806, 142655.367671655113,  80760.592488299313,     -0.889089912800,      0.972020201305,      0.463700822134
  1752000.000000, 272565.974941380147, 145568.402271646482,  82150.376985205279,     -0.898111544722,      0.969986987785,      0.462817407273
  1755000.000000, 269858.250918617181, 148475.194173953554,  83537.468583551992,     -0.907017934370,      0.967858348993,      0.461905643529
  1758000.000000, 267123.990585657186, 151375.456603728322,  84921.783011846666,     -0.915801067822,      0.965633947148,      0.460966044468
  1761000.000000, 264363.575947299541, 154268.901722114941,  86303.237506064543,     -0.924452760548,      0.963313409065,      0.459999100017
  1764000.000000, 261577.413796252047, 157155.240505171299,  87681.750725020494,     -0.932964674957,      0.960896316178,      0.459005267217
  1767000.000000, 258765.936142519786, 160034.182592319819,  89057.242637114905,     -0.941328340743,      0.958382194222,      0.457984960399
  1770000.000000, 255929.600577364588, 162905.436103543296,  90429.634376807837,     -0.949535178177,      0.955770502748,      0.456938540848
  1773000.000000, 253068.890562800254, 165768.707425067230,  91798.848069461063,     -0.957576524473,      0.953060624633,      0.455866306064
  1776000.000000, 250184.315637278691, 168623.700963886804,  93164.806623546043,     -0.965443663310,      0.950251855836,      0.454768478772
  1779000.000000, 247276.411528033554, 171470.118872202467,  94527.433489651958,     -0.973127857542,      0.947343395629,      0.453645195809
  1782000.000000, 244345.740160501533, 174307.660743620276,  95886.652386241753,     -0.980620385090,      0.944334337587,      0.452496497099
  1785000.000000, 241392.889555369504, 177136.023283836781,  97242.386992694446,     -0.987912577952,      0.941223661642,      0.451322314907
  1788000.000000, 238418.473604122148, 179954.899959454895,  98594.560610834087,     -0.994995864163,      0.938010227502,      0.450122463617
  1791000.000000, 235423.131714517745, 182763.980629542522,  99943.095796870606,     -1.001861812502,      0.934692769782,      0.448896630271
  1794000.000000, 232407.528318216704, 185562.951165526465, 101287.913966453663,     -1.008502179628,      0.931269895151,      0.447644366150
  1797000.000000, 229372.352233852522, 188351.493065980758, 102628.934976350225,     -1.014908959239,      0.927740081831,      0.446365079655
  1800000.000000, 226318.315880169714, 191129.283073785569, 103966.076687079287,     -1.021074432777,      0.924101681728,      0.445058030777
  1803000.000000, 223246.154335468280, 193895.992803961475, 105299.254511647800,     -1.026991221085,      0.920352925453,      0.443722327403
  1806000.000000, 220156.624241474376, 196651.288391184702, 106628.380956302804,     -1.032652336345,      0.916491930453,      0.442356923726
  1809000.000000, 217050.502551886922, 199394.830166518310, 107953.365159913839,     -1.038051233559,      0.912516712376,      0.440960620957
  1812000.000000, 213928.585128193896, 202126.272373213695, 109274.112439197095,     -1.043181860748,      0.908425199755,      0.439532070532
  1815000.000000, 210791.685187867406, 204845.262931506702, 110590.523847453165,     -1.048038707021,      0.904215251979,      0.438069779930
  1818000.000000, 207640.631612673576, 207551.443262125104, 111902.495754786316,     -1.052616847615,      0.899884680432,      0.436572121184
  1821000.000000, 204476.267127502710, 210244.448177714366, 113209.919457875265,     -1.056911985026,      0.895431272586,      0.435037342064
  1824000.000000, 201299.446362757968, 212923.905850564479, 114512.680827254459,     -1.060920485367,      0.890852818715,      0.433463579880
  1827000.000000, 198111.033815851435, 215589.437863886385, 115810.659999723721,     -1.064639409145,      0.886147140800,      0.431848877735
  1830000.000000, 194911.901729655830, 218240.659352453018, 117103.731122930345,     -1.068066535732,      0.881312123105,      0.430191203008
  1833000.000000, 191702.927907762001, 220877.179236721568, 118391.762158362078,     -1.071200380934,      0.876345743816,      0.428488467756
  1836000.000000, 188484.993488013919, 223498.600552630873, 119674.614747970132,     -1.074040207174,      0.871246107069,      0.426738550663
  1839000.000000, 185258.980696967104, 226104.520877181028, 120952.144148430569,     -1.076586025987,      0.866011474653,      0.424939320107
  1842000.000000, 182025.770608583291, 228694.532847718190, 122224.199235687789,     -1.078838592694,      0.860640296656,      0.423088657868
  1845000.000000, 178786.240930602682, 231268.224770641624, 123490.622580946962,     -1.080799393299,      0.855131240314,      0.421184482964
  1848000.000000, 175541.263841604872, 233825.181313103822, 124751.250597743900,     -1.082470623857,      0.849483216379,      0.419224775113
  1851000.000000, 172291.703900792694, 236364.984269262786, 126005.913758174633,     -1.083855162706,      0.843695402351,      0.417207597299
  1854000.000000, 169038.416051036213, 238887.213390847639, 127254.436874867082,     -1.084956536170,      0.837767262036,      0.415131116951
  1857000.000000, 165782.243733751209, 241391.447270274017, 128496.639443876280,     -1.085778878432,      0.831698560957,      0.412993625309
  1860000.000000, 162524.017131825705, 243877.264263352641, 129732.336042431954,     -1.086326886445,      0.825489377290,      0.410793554573
  1863000.000000, 159264.551554134290, 246344.243437804951, 130961.336774401003,     -1.086605770792,      0.819140108111,      0.408529492513
  1866000.000000, 156004.645972288301, 248791.965533359413, 132183.447755481728,     -1.086621203500,      0.812651470863,      0.406200194312
  1869000.000000, 152745.081717256428, 251220.013919151563, 133398.471629540727,     -1.086379263816,      0.806024500112,      0.403804591465
  1872000.000000, 149486.621340457903, 253627.975534478581, 134606.208107147919,     -1.085886382949,      0.799260539733,      0.401341797675
  1875000.000000, 146230.007640967204, 256015.441799635824, 135806.454517258826,     -1.085149288742,      0.792361230831,      0.398811111731
  1878000.000000, 142975.962857663486, 258382.009484549548, 136999.006363125081,     -1.084174951179,      0.785328495755,      0.396212017463
  1881000.000000, 139725.188022577437, 260727.281524162769, 138183.657873863500,     -1.082970529546,      0.778164518667,      0.393544180926
  1884000.000000, 136478.362469391985, 263050.867770977842, 139360.202543653810,     -1.081543321939,      0.770871723167,      0.390807445008
  1887000.000000, 133236.143489078997, 265352.385676744976, 140528.433651234576,     -1.079900717756,      0.763452747521,      0.388001821733
  1890000.000000, 129999.166123027986, 267631.460896953824, 141688.144753187255,     -1.078050153618,      0.755910418066,      0.385127482533
  1893000.000000, 126768.043082752585, 269887.727813479200, 142839.130145407253,     -1.075999073109,      0.748247721335,      0.382184746820
  1896000.000000, 123543.364784340753, 272120.829972395382, 143981.185288120410,     -1.073754890576,      0.740467775462,      0.379174069168
  1899000.000000, 120325.699485230230, 274330.420435570239, 145114.107190781157,     -1.071324959127,      0.732573801382,      0.376096025439
  1902000.000000, 117115.593510613646, 276516.162046134530, 146237.694754156255,     -1.068716542877,      0.724569094292,      0.372951298165
  1905000.000000, 113913.571556776762, 278677.727609274094, 147351.749067827099,     -1.065936793403,      0.716456995802,      0.369740661493
  1908000.000000, 110720.137058910419, 280814.799990984495, 148456.073662219162,     -1.062992730281,      0.708240867150,      0.366464965969
  1911000.000000, 107535.772611372769, 282927.072138459014, 149550.474715067481,     -1.059891225549,      0.699924063790,      0.363125123420
  1914000.000000, 104360.940428974209, 285014.247026633588, 150634.761212945828,     -1.056638991854,      0.691509911614,      0.359722092149
  1917000.000000, 101196.082838574497, 287076.037536101823, 151708.745069117256,     -1.053242574053,      0.683001685006,      0.356256862650
  1920000.000000,  98041.622791084577, 289112.166268136934, 152772.241199499258,     -1.049708343964,      0.674402586879,      0.352730443994
  1923000.000000,  94897.964384823077, 291122.365302930761, 153825.067558984330,     -1.046042497992,      0.665715730796,      0.349143851034
  1926000.000000,  91765.493392061486, 293106.375907397480, 154867.045140714676,     -1.042251057327,      0.656944125233,      0.345498092517
  1929000.000000,  88644.577781478321, 295063.948199003411, 155897.997941186419,     -1.038339870429,      0.648090660000,      0.341794160203
  1932000.000000,  85535.568230114179, 296994.840772096417, 156917.752894260571,     -1.034314617495,      0.639158094813,      0.338033019027
  1935000.000000,  82438.798619259207, 298898.820293130237, 157926.139777294244,     -1.030180816657,      0.630149049980,      0.334215598352
  1938000.000000,  79354.586509503832, 300775.661071031936, 158922.991092682263,     -1.025943831633,      0.621065999132,      0.330342784325
  1941000.000000,  76283.233590933552, 302625.144608757342, 159908.141928128898,     -1.021608880611,      0.611911263935,      0.326415413340
  1944000.000000,  73225.026105145604, 304447.059141834034, 160881.429798956524,     -1.017181046113,      0.602687010691,      0.322434266600
  1947000.000000,  70180.235236408625, 306241.199169418251, 161842.694475714816,     -1.012665285669,      0.593395248727,      0.318400065748
  1950000.000000,  67149.117469875127, 308007.364983101783, 162791.777800283628,     -1.008066443080,      0.584037830490,      0.314313469561
  1953000.000000,  64131.914915294481, 309745.362198404735, 163728.523493575573,     -1.003389260124,      0.574616453227,      0.310175071651
  1956000.000000,  61128.855595163841, 311455.001293588895, 164652.776957843307,     -0.998638388537,      0.565132662169,      0.305985399162
  1959000.000000,  58140.153696700771, 313136.097160133300, 165564.385076488135,     -0.993818402127,      0.555587855104,      0.301744912400
  1962000.000000,  55166.009787430026, 314788.468668922957, 166463.196014153888,     -0.988933808895,      0.545983288265,      0.297454005384
  1965000.000000,  52206.610994552189, 316411.938255931076, 167349.059019776876,     -0.983989063041,      0.536320083424,      0.293113007263
  1968000.000000,  49262.131148610730, 318006.331530910276, 168221.824235149310,     -0.978988576742,      0.526599236124,      0.288722184569
  1971000.000000,  46332.730892300664, 319571.476912361395, 169081.342511444411,     -0.973936731593,      0.516821624951,      0.284281744265
  1974000.000000,  43418.557755572154, 321107.205291813298, 169927.465236043412,     -0.968837889623,      0.506988021788,      0.279791837556
  1977000.000000,  40519.746198480680, 322613.349730221205, 170760.044171901449,     -0.963696403763,      0.497099102967,      0.275252564434
  1980000.000000,  37636.417623525544, 324089.745189075940, 171578.931311585358,     -0.958516627703,      0.487155461242,      0.270663978911
  1983000.000000,  34768.680359504047, 325536.228298605536, 172383.978748016962,     -0.953302925011,      0.477157618532,      0.266026094915
  1986000.000000,  31916.629619192521, 326952.637165240769, 173175.038563852489,     -0.948059677443,      0.467106039346,      0.261338892811
  1989000.000000,  29080.347433448525, 328338.811220306845, 173951.962741323776,     -0.942791292341,      0.457001144825,      0.256602326518
  1992000.000000,  26259.902564613036, 329694.591111685440, 174714.603094258084,     -0.937502209018,      0.446843327339,      0.251816331168
  1995000.000000,  23455.350402375941, 331019.818639963400, 175462.811223876022,     -0.932196904044,      0.436632965532,      0.246980831295
  1998000.000000,  20666.732845552855, 332314.336740343599, 176196.438499839307,     -0.926879895343,      0.426370439771,      0.242095749470
  2001000.000000,  17894.078173503469, 333577.989511332009, 176915.336067881901,     -0.921555744983,      0.416056147866,      0.237161015380
  2004000.000000,  15137.400911198512, 334810.622290931817, 177619.354885200650,     -0.916229060604,      0.405690521001,      0.232176575247
  2007000.000000,  12396.701692209956, 336012.081780766661, 178308.345784610865,     -0.910904495365,      0.395274039743,      0.227142401570
  2010000.000000,   9671.967124152146, 337182.216218218266, 178982.159568276082,     -0.905586746346,      0.384807250019,      0.222058503094
  2013000.000000,   6963.169661333944, 338320.875596292841, 179640.647131607169,     -0.900280551328,      0.374290778933,      0.216924934936
  2016000.000000,   4270.267489586662, 339427.911930534348, 180283.659617684287,     -0.894990683887,      0.363725350293,      0.211741808794
  2019000.000000,   1593.204428402003, 340503.179571867222, 180911.048602290655,     -0.889721946754,      0.353111799680,      0.206509303131
  2022000.000000,  -1068.090144360514, 341546.535563791811, 181522.666309356369,     -0.884479163403,      0.342451088914,      0.201227673244
  2025000.000000,  -3713.701339864368, 342557.840041863674, 182118.365856294229,     -0.879267167861,      0.331744319754,      0.195897261105
  2028000.000000,  -6343.728772441820, 343536.956672876433, 182698.001528372813,     -0.874090792738,      0.320992746636,      0.190518504861
  2031000.000000,  -8958.286535210698, 344483.753130635363, 183261.429080911417,     -0.868954855521,      0.310197788298,      0.185091947859
  2034000.000000, -11557.503132016043, 345398.101604669006, 183808.506067707203,     -0.863864143174,      0.299361038085,      0.179618247086
  2037000.000000, -14141.521360774130, 346279.879337684310, 184339.092193717137,     -0.858823395154,      0.288484272773,      0.174098180880
  2040000.000000, -16710.498143611559, 347128.969187037030, 184853.049689625099,     -0.853837284952,      0.277569459731,      0.168532655786
  2043000.000000, -19264.604299603147, 347945.260204980266, 185350.243705532659,     -0.848910400314,      0.266618762250,      0.162922712426
  2046000.000000, -21804.024256420900, 348728.648231976083, 185830.542720631638,     -0.844047222322,      0.255634542899,      0.157269530267
  2049000.000000, -24328.955697812133, 349479.036496927263, 186293.818965353072,     -0.839252103575,      0.244619364761,      0.151574431151
  2052000.000000, -26839.609144523918, 350196.336217820295, 186739.948852153029,     -0.834529245685,      0.233575990453,      0.145838881503
  2055000.000000, -29336.207467077489, 350880.467195978970, 187168.813410799077,     -0.829882676389,      0.222507378841,      0.140064493112
  2058000.000000, -31818.985329659761, 351531.358396927186, 187580.298723771761,     -0.825316226572,      0.211416679387,      0.134253022419
  2061000.000000, -34288.188565327066, 352148.948510757647, 187974.296357204323,     -0.820833507507,      0.200307224140,      0.128406368242
  2064000.000000, -36744.073483692679, 352733.186484912585, 188350.703782655619,     -0.816437888657,      0.189182517365,      0.122526567939
  2067000.000000, -39186.906113275778, 353284.032022409316, 188709.424784959207,     -0.812132476370,      0.178046222885,      0.116615791966
  2070000.000000, -41616.961381704336, 353801.456038794597, 189050.369851414463,     -0.807920093812,      0.166902149247,      0.110676336882
  2073000.000000, -44034.522237965219, 354285.441071484587, 189373.456537693244,     -0.803803262452,      0.155754232845,      0.104710616834
  2076000.000000, -46439.878721858215, 354735.981635643577, 189678.609806027060,     -0.799784185429,      0.144606519186,      0.098721153610
  2079000.000000, -48833.326986712287, 355153.084521367913, 189965.762331513717,     -0.795864733072,      0.133463142533,      0.092710565347
  2082000.000000, -51215.168282239603, 355536.769027658738, 190234.854772737483,     -0.792046430843,      0.122328304172,      0.086681554059
  2085000.000000, -53585.707905113493, 355887.067129480653, 190485.836003327189,     -0.788330449913,      0.111206249580,      0.080636892097
  2088000.000000, -55945.254125442101, 356204.023575092608, 190718.663301572553,     -0.784717600540,      0.100101244826,      0.074579407753
  2091000.000000, -58294.117097753064, 356487.695911785006, 190933.302495772688,     -0.781208328378,      0.089017552497,      0.068511970182
  2094000.000000, -60632.607765394976, 356738.154439141043, 191129.728063588234,     -0.777802713790,      0.077959407509,      0.062437473851
  2097000.000000, -62961.036767390535, 356955.482089940459, 191307.923184296931,     -0.774500474167,      0.066930993114,      0.056358822726
  2100000.000000, -65279.713356741013, 357139.774239813676, 191467.879743497411,     -0.771300969230,      0.055936417445,      0.050278914419
  2103000.000000, -67588.944338984846, 357291.138447713281, 191609.598290451831,     -0.768203209213,      0.044979690900,      0.044200624505
  2106000.000000, -69889.033039459944, 357409.694130175980, 191733.087948890228,     -0.765205865790,      0.034064704667,      0.038126791213
  2109000.000000, -72180.278307222892, 357495.572173181921, 191838.366282703530,     -0.762307285547,      0.023195210636,      0.032060200689
  2112000.000000, -74462.973562951884, 357548.914486160967, 191925.459118515369,     -0.759505505792,      0.012374802954,      0.026003573015
  2115000.000000, -76737.405897423509, 357569.873503334704, 191994.400327633135,     -0.756798272419,      0.001606901392,      0.019959549137
  2118000.000000, -79003.855226327054, 357558.611638108094, 192045.231570326141,     -0.754183059547,     -0.009105263302,      0.013930678841
  2121000.000000, -81262.593506286226, 357515.300696628343, 192078.002005757531,     -0.751657090638,     -0.019758661963,      0.007919409896
  2124000.000000, -83513.884016020384, 357440.121256906947, 192092.767971200141,     -0.749217360750,     -0.030350477395,      0.001928078446
  2127000.000000, -85757.980705619659, 357333.262020055728, 192089.592634391971,     -0.746860659639,     -0.040878112576,     -0.004041099280
  2130000.000000, -87995.127615951380, 357194.919140225917, 192068.545623035956,     -0.744583595363,     -0.051339196657,     -0.009986033910
  2133000.000000, -90225.558369281265, 357025.295539758401, 192029.702635521302,     -0.742382618101,     -0.061731588828,     -0.015904768509
  2136000.000000, -92449.495731300427, 356824.600215876417, 191973.145036943373,     -0.740254043893,     -0.072053380109,     -0.021795482802
  2139000.000000, -94667.151243912842, 356593.047544979374, 191898.959444434382,     -0.738194078031,     -0.082302893176,     -0.027656496082
  2142000.000000, -96878.724927372707, 356330.856590245792, 191807.237305689079,     -0.736198837862,     -0.092478680354,     -0.033486268851
  2145000.000000, -99084.405049675217, 356038.250417840842, 191698.074474393448,     -0.734264374790,     -0.102579519910,     -0.039283403258
  2148000.000000,-101284.367960506643, 355715.455426558037, 191571.570786039927,     -0.732386695283,     -0.112604410835,     -0.045046642413
  2151000.000000,-103478.777986551533, 355362.700695224048, 191427.829637357005,     -0.730561780747,     -0.122552566249,     -0.050774868683
  2154000.000000,-105667.787384540919, 354980.217351674102, 191266.957572294719,     -0.728785606131,     -0.132423405642,     -0.056467101041
  2157000.000000,-107851.536348101727, 354568.237966569432, 191089.063877205772,     -0.727054157174,     -0.142216546106,     -0.062122491604
  2160000.000000,-110030.153064232058, 354126.995974799036, 190894.260187547246,     -0.725363446236,     -0.151931792738,     -0.067740321432
  2163000.000000,-112203.753815075368, 353656.725126685807, 190682.660108111013,     -0.723709526659,     -0.161569128396,     -0.073319995726
  2166000.000000,-114372.443120590004, 353157.658970717515, 190454.378848475579,     -0.722088505670,     -0.171128702957,     -0.078861038505
  2169000.000000,-116536.313917705469, 352630.030369048356, 190209.532875066099,     -0.720496555808,     -0.180610822233,     -0.084363086867
  2172000.000000,-118695.447771611216, 352074.071046577243, 189948.239580915368,     -0.718929924922,     -0.190015936692,     -0.089825884945
  2175000.000000,-120849.915114932126, 351490.011174002313, 189670.616973942058,     -0.717384944775,     -0.199344630109,     -0.095249277621
  2178000.000000,-122999.775510697727, 350878.078984887106, 189376.783384304901,     -0.715858038310,     -0.208597608256,     -0.100633204108
  2181000.000000,-125145.077935200941, 350238.500426448009, 189066.857191155956,     -0.714345725658,     -0.217775687750,     -0.105977691445
  2184000.000000,-127285.861077060152, 349571.498843489040, 188740.956568903785,     -0.712844628947,     -0.226879785119,     -0.111282848008
  2187000.000000,-129422.153649036321, 348877.294694666052, 188399.199252907303,     -0.711351476006,     -0.235910906192,     -0.116548857055
  2190000.000000,-131553.974709410075, 348156.105300059600, 188041.702324356214,     -0.709863103053,     -0.244870135850,     -0.121775970396
  2193000.000000,-133681.333989984734, 347408.144618865976, 187668.582013951149,     -0.708376456436,     -0.253758628202,     -0.126964502196
  2196000.000000,-135804.232228044915, 346633.623055886826, 187279.953523875185,     -0.706888593546,     -0.262577597214,     -0.132114822985
  2199000.000000,-137922.661499863752, 345832.747295393492, 186875.930867450108,     -0.705396682950,     -0.271328307834,     -0.137227353864
  2202000.000000,-140036.605553607485, 345005.720160874946, 186456.626725789160,     -0.703898003869,     -0.280012067618,     -0.142302560968
  2205000.000000,-142146.040139736782, 344152.740499128937, 186022.152320696739,     -0.702389945046,     -0.288630218871,     -0.147340950175
  2208000.000000,-144250.933337240363, 343274.003087136312, 185572.617303019011,     -0.700870003110,     -0.297184131320,     -0.152343062100
  2211000.000000,-146351.245874262997, 342369.698560154298, 185108.129655617668,     -0.699335780488,     -0.305675195296,     -0.157309467354
  2214000.000000,-148446.931441900582, 341440.013359479897, 184628.795610120840,     -0.697784982950,     -0.314104815433,     -0.162240762095
  2217000.000000,-150537.937000131846, 340485.129698362958, 184134.719576598029,     -0.696215416831,     -0.322474404868,     -0.167137563867
  2220000.000000,-152624.203075037309, 339505.225544589863, 183626.004085307621,     -0.694624986006,     -0.330785379927,     -0.172000507711
  2223000.000000,-154705.664046621881, 338500.474618309119, 183102.749739677558,     -0.693011688664,     -0.339039155273,     -0.176830242560
  2226000.000000,-156782.248426708276, 337471.046403728018, 182565.055179696559,     -0.691373613921,     -0.347237139506,     -0.181627427907
  2229000.000000,-158853.879126503947, 336417.106173374108, 182013.017054917465,     -0.689708938328,     -0.355380731183,     -0.186392730726
  2232000.000000,-160920.473713565530, 335338.815023681731, 181446.730006302299,     -0.688015922300,     -0.363471315246,     -0.191126822652
  2235000.000000,-162981.944657992950, 334236.329920736782, 180866.286656170414,     -0.686292906515,     -0.371510259815,     -0.195830377402
  2238000.000000,-165038.199567779171, 333109.803755083471, 180271.777605545823,     -0.684538308289,     -0.379498913351,     -0.200504068416
  2241000.000000,-167089.141413325124, 331959.385404568806, 179663.291438236076,     -0.682750617979,     -0.387438602133,     -0.205148566725
  2244000.000000,-169134.668741199741, 330785.219804274966, 179040.914731012133,     -0.680928395416,     -0.395330628047,     -0.209764539016
  2247000.000000,-171174.675877286441, 329587.448022658355, 178404.732069297548,     -0.679070266401,     -0.403176266657,     -0.214352645893
  2250000.000000,-173209.053119508579, 328366.207343082991, 177754.826067811577,     -0.677174919261,     -0.410976765536,     -0.218913540309
  2253000.000000,-175237.686920368898, 327121.631350004172, 177091.277395650162,     -0.675241101502,     -0.418733342831,     -0.223447866173
  2256000.000000,-177260.460059573757, 325853.850019118981, 176414.164805322944,     -0.673267616554,     -0.426447186048,     -0.227956257106
  2259000.000000,-179277.251807040157, 324562.989810863393, 175723.565165301814,     -0.671253320611,     -0.434119451034,     -0.232439335339
  2262000.000000,-181287.938076606690, 323249.173766690539, 175019.553495669097,     -0.669197119595,     -0.441751261138,     -0.236897710750
  2265000.000000,-183292.391570785840, 321912.521607620874, 174302.203006486932,     -0.667097966222,     -0.449343706533,     -0.241331980010
  2268000.000000,-185290.481916907709, 320553.149834603129, 173571.585138540540,     -0.664954857195,     -0.456897843682,     -0.245742725851
  2271000.000000,-187282.075795013370, 319171.171830274165, 172827.769606137561,     -0.662766830515,     -0.464414694939,     -0.250130516429
  2274000.000000,-189267.037057861191, 317766.697961749625, 172070.824441674282,     -0.660532962908,     -0.471895248261,     -0.254495904779
  2277000.000000,-191245.226843410404, 316339.835684117686, 171300.816041706043,     -0.658252367383,     -0.479340457019,     -0.258839428355
  2280000.000000,-193216.503680146707, 314890.689644346712, 170517.809214284527,     -0.655924190905,     -0.486751239911,     -0.263161608648
  2283000.000000,-195180.723585610540, 313419.361785353511, 169721.867227347859,     -0.653547612187,     -0.494128480945,     -0.267462950861
  2286000.000000,-197137.740158483939, 311925.951450011402, 168913.051857971906,     -0.651121839606,     -0.501473029491,     -0.271743943661
  2289000.000000,-199087.404664585978, 310410.555484905664, 168091.423442311177,     -0.648646109224,     -0.508785700393,     -0.276005058967
  2292000.000000,-201029.566117118258, 308873.268343672971, 167257.040926076559,     -0.646119682933,     -0.516067274136,     -0.280246751799
  2295000.000000,-202964.071351493243, 307314.182189785934, 166409.961915415071,     -0.643541846699,     -0.523318497050,     -0.284469460164
  2298000.000000,-204890.765095069393, 305733.386998665461, 165550.242728071637,     -0.640911908920,     -0.530540081549,     -0.288673604980
  2301000.000000,-206809.490032105561, 304130.970659024955, 164677.938444728032,     -0.638229198883,     -0.537732706403,     -0.292859590033
  2304000.000000,-208720.086864238488, 302507.019073367701, 163793.102960427786,     -0.635493065321,     -0.544897017034,     -0.297027801962
  2307000.000000,-210622.394366774970, 300861.616257577087, 162895.789036006667,     -0.632702875064,     -0.552033625819,     -0.301178610270
  2310000.000000,-212516.249441080639, 299194.844439550536, 161986.048349460267,     -0.629858011787,     -0.559143112426,     -0.305312367355
  2313000.000000,-214401.487163336540, 297506.784156845359, 161063.931547190441,     -0.626957874837,     -0.566226024139,     -0.309429408558
  2316000.000000,-216277.940829925094, 295797.514353312552, 160129.488295080373,     -0.624001878161,     -0.573282876200,     -0.313530052228
  2319000.000000,-218145.441999695235, 294067.112474707596, 159182.767329357535,     -0.620989449298,     -0.580314152154,     -0.317614599801
  2322000.000000,-220003.820533349382, 292315.654563276155, 158223.816507211246,     -0.617920028464,     -0.587320304187,     -0.321683335881
  2325000.000000,-221852.904630183592, 290543.215351319232, 157252.682857138250,     -0.614793067703,     -0.594301753465,     -0.325736528341
  2328000.000000,-223692.520862404344, 288749.868353752827, 156269.412628996361,     -0.611608030122,     -0.601258890466,     -0.329774428419
  2331000.000000,-225522.494207236043, 286935.685959680937, 155274.051343752682,     -0.608364389183,     -0.608192075307,     -0.333797270821
  2334000.000000,-227342.648077025457, 285100.739523009339, 154266.643842917110,     -0.605061628071,     -0.615101638056,     -0.337805273831
  2337000.000000,-229152.804347541125, 283245.099452129798, 153247.234337657370,     -0.601699239126,     -0.621987879037,     -0.341798639411
  2340000.000000,-230952.783384657145, 281368.835298712482, 152215.866457595635,     -0.598276723332,     -0.628851069120,     -0.345777553312
  2343000.000000,-232742.404069604701, 279472.015845644637, 151172.583299289661,     -0.594793589872,     -0.635691450003,     -0.349742185177
  2346000.000000,-234521.483822965587, 277554.709194158961, 150117.427474405296,     -0.591249355738,     -0.642509234467,     -0.353692688641
  2349000.000000,-236289.838627577265, 275616.982850196422, 149050.441157589084,     -0.587643545390,     -0.649304606631,     -0.357629201432
  2352000.000000,-238047.283050510945, 273658.903810050688, 147971.666134051280,     -0.583975690480,     -0.656077722179,     -0.361551845461
  2355000.000000,-239793.630264280073, 271680.538645341294, 146881.143846872612,     -0.580245329618,     -0.662828708577,     -0.365460726918
  2358000.000000,-241528.692067429627, 269681.953587366675, 145778.915444048558,     -0.576452008188,     -0.669557665271,     -0.369355936351
  2361000.000000,-243252.278904654144, 267663.214610884257, 144665.021825287258,     -0.572595278221,     -0.676264663873,     -0.373237548748
  2364000.000000,-244964.199886586051, 265624.387517369993, 143539.503688577854,     -0.568674698301,     -0.682949748318,     -0.377105623613
  2367000.000000,-246664.262809394131, 263565.538017807528, 142402.401576548000,     -0.564689833531,     -0.689612935021,     -0.380960205027
  2370000.000000,-248352.274174326798, 261486.731815056846, 141253.755922630080,     -0.560640255533,     -0.696254213004,     -0.384801321715
  2373000.000000,-250028.039207333291, 259388.034685855760, 140093.607097056840,     -0.556525542497,     -0.702873544010,     -0.388628987094
  2376000.000000,-251691.361878891621, 257269.512562503631, 138921.995452708041,     -0.552345279270,     -0.709470862604,     -0.392443199322
  2379000.000000,-253342.044924170768, 255131.231614279590, 137738.961370830191,     -0.548099057491,     -0.716046076247,     -0.396243941336
  2382000.000000,-254979.889863650955, 252973.258328646363, 136544.545306652231,     -0.543786475762,     -0.722599065364,     -0.400031180882
  2385000.000000,-256604.697024324560, 250795.659592289943, 135338.787834919844,     -0.539407139861,     -0.729129683387,     -0.403804870540
  2388000.000000,-258216.265561596694, 248598.502772045060, 134121.729695371410,     -0.534960662997,     -0.735637756789,     -0.407564947736
  2391000.000000,-259814.393482004147, 246381.855795755808, 132893.411838178145,     -0.530446666100,     -0.742123085092,     -0.411311334755
  2394000.000000,-261398.877666868444, 244145.787233118841, 131653.875469370774,     -0.525864778155,     -0.748585440870,     -0.415043938740
  2397000.000000,-262969.513896997378, 241890.366376556049, 130403.162096274915,     -0.521214636567,     -0.755024569728,     -0.418762651683
  2400000.000000,-264526.096878548851, 239615.663322161185, 129141.313572976433,     -0.516495887567,     -0.761440190273,     -0.422467350416
  2403000.000000,-266068.420270169328, 237321.749050764454, 127868.372145837755,     -0.511708186661,     -0.767831994066,     -0.426157896585
  2406000.000000,-267596.276711517770, 235008.695509156270, 126584.380499085761,     -0.506851199101,     -0.774199645561,     -0.429834136628
  2409000.000000,-269109.457853287575, 232676.575691510254, 125289.381800491305,     -0.501924600413,     -0.780542782035,     -0.433495901740
  2412000.000000,-270607.754388836329, 230325.463721043780, 123983.419747160413,     -0.496928076945,     -0.786861013500,     -0.437143007828
  2415000.000000,-272090.956087535596, 227955.434931952797, 122666.538611456213,     -0.491861326458,     -0.793153922607,     -0.440775255471
  2418000.000000,-273558.851829950407, 225566.565951656317, 121338.783287071652,     -0.486724058761,     -0.799421064538,     -0.444392429862
  2421000.000000,-275011.229644961189, 223158.934783384262, 120000.199335271434,     -0.481515996370,     -0.805661966884,     -0.447994300749
  2424000.000000,-276447.876748937881, 220732.620889141748, 118650.833031322443,     -0.476236875216,     -0.811876129513,     -0.451580622371
  2427000.000000,-277868.579587078362, 218287.705273080122, 117290.731411130735,     -0.470886445380,     -0.818063024435,     -0.455151133385
  2430000.000000,-279273.123877020611, 215824.270565305545, 115919.942318102811,     -0.465464471872,     -0.824222095645,     -0.458705556786
  2433000.000000,-280661.294654839323, 213342.401106152538, 114538.514450248098,     -0.459970735446,     -0.830352758968,     -0.462243599828
  2436000.000000,-282032.876323535515, 210842.183030948450, 113146.497407538322,     -0.454405033443,     -0.836454401889,     -0.465764953935
  2439000.000000,-283387.652704127075, 208323.704355293215, 111743.941739538961,     -0.448767180683,     -0.842526383378,     -0.469269294606
  2442000.000000,-284725.407089447894, 205787.055060875282, 110330.898993325900,     -0.443057010381,     -0.848568033709,     -0.472756281317
  2445000.000000,-286045.922300760634, 203232.327181842265, 108907.421761700462,     -0.437274375103,     -0.854578654269,     -0.476225557424
  2448000.000000,-287348.980747288850, 200659.614891743055, 107473.563731713992,     -0.431419147758,     -0.860557517371,     -0.479676750054
  2451000.000000,-288634.364488771826, 198069.014591053332, 106029.379733513240,     -0.425491222622,     -0.866503866052,     -0.483109469998
  2454000.000000,-289901.855301144824, 195460.624995295977, 104574.925789516172,     -0.419490516395,     -0.872416913877,     -0.486523311599
  2457000.000000,-291151.234745446302, 192834.547223763657, 103110.259163928087,     -0.413416969296,     -0.878295844734,     -0.489917852636
  2460000.000000,-292382.284240051580, 190190.884888849163, 101635.438412606716,     -0.407270546188,     -0.884139812633,     -0.493292654208
  2463000.000000,-293594.785136330407, 187529.744185986812, 100150.523433284732,     -0.401051237734,     -0.889947941503,     -0.496647260613
  2466000.000000,-294788.518797824217, 184851.233984204911,  98655.575516157071,     -0.394759061586,     -0.895719324985,     -0.499981199224
  2469000.000000,-295963.266683032911, 182155.465917287831,  97150.657394840367,     -0.388394063604,     -0.901453026234,     -0.503293980365
  2472000.000000,-297118.810431901366, 179442.554475542915,  95635.833297709949,     -0.381956319100,     -0.907148077713,     -0.506585097186
  2475000.000000,-298254.931956086075, 176712.617098164832,  94111.168999619622,     -0.375445934117,     -0.912803481001,     -0.509854025530
  2478000.000000,-299371.413533081941, 173965.774266186694,  92576.731874007848,     -0.368863046724,     -0.918418206596,     -0.513100223809
  2481000.000000,-300468.037904277910, 171202.149596004194,  91032.590945392702,     -0.362207828336,     -0.923991193727,     -0.516323132870
  2484000.000000,-301544.588377007225, 168421.869933454407,  89478.816942256613,     -0.355480485059,     -0.929521350174,     -0.519522175868
  2487000.000000,-302600.848930647713, 165625.065448428242,  87915.482350320381,     -0.348681259045,     -0.935007552093,     -0.522696758133
  2490000.000000,-303636.604326819011, 162811.869729989150,  86342.661466204503,     -0.341810429866,     -0.940448643854,     -0.525846267048
  2493000.000000,-304651.640223714814, 159982.419881968148,  84760.430451474385,     -0.334868315897,     -0.945843437883,     -0.528970071913
  2496000.000000,-305645.743294596847, 157136.856618998310,  83168.867387064121,     -0.327855275708,     -0.951190714531,     -0.532067523828
  2499000.000000,-306618.701350466814, 154275.324362947926,  81568.052328072663,     -0.320771709455,     -0.956489221938,     -0.535137955563
  2502000.000000,-307570.303466919460, 151397.971339705487,  79958.067358923916,     -0.313618060274,     -0.961737675932,     -0.538180681443
  2505000.000000,-308500.340115166327, 148504.949676264514,  78338.996648881250,     -0.306394815672,     -0.966934759936,     -0.541194997233
  2508000.000000,-309408.603297207330, 145596.415498050075,  76710.926507904995,     -0.299102508896,     -0.972079124896,     -0.544180180018
  2511000.000000,-310294.886685108184, 142672.529026423028,  75073.945442839307,     -0.291741720300,     -0.977169389236,     -0.547135488106
  2514000.000000,-311158.985764326470, 139733.454676291731,  73428.144213912761,     -0.284313078680,     -0.982204138833,     -0.550060160917
  2517000.000000,-312000.697981009143, 136779.361153754551,  71773.615891534340,     -0.276817262581,     -0.987181927018,     -0.552953418895
  2520000.000000,-312819.822893163480, 133810.421553687775,  70110.455913362937,     -0.269255001573,     -0.992101274616,     -0.555814463415
  2523000.000000,-313616.162325579498, 130826.813457187120,  68438.762141625266,     -0.261627077476,     -0.996960670005,     -0.558642476712
  2526000.000000,-314389.520528359339, 127828.719028760199,  66758.634920652432,     -0.253934325535,     -1.001758569218,     -0.561436621805
  2529000.000000,-315139.704338879324, 124816.325113157742,  65070.177134600919,     -0.246177635535,     -1.006493396086,     -0.564196042449
  2532000.000000,-315866.523346986098, 121789.823331719977,  63373.494265318150,     -0.238357952837,     -1.011163542420,     -0.566919863090
  2535000.000000,-316569.790063195745, 118749.410178101869,  61668.694450307448,     -0.230476279346,     -1.015767368241,     -0.569607188841
  2538000.000000,-317249.320089635614, 115695.287113227183,  59955.888540740176,     -0.222533674368,     -1.020303202068,     -0.572257105479
  2541000.000000,-317904.932293436897, 112627.660659306930,  58235.190159456499,     -0.214531255384,     -1.024769341254,     -0.574868679452
  2544000.000000,-318536.448982251575, 109546.742492741920,  56506.715758887978,     -0.206470198692,     -1.029164052391,     -0.577440957925
  2547000.000000,-319143.696081535949, 106452.749535712137,  54770.584678826868,     -0.198351739939,     -1.033485571785,     -0.579972968840
  2550000.000000,-319726.503313205088, 103345.904046238051,  53026.919203957375,     -0.190177174504,     -1.037732106002,     -0.582463721012
  2553000.000000,-320284.704375229019, 100226.433706479351,  51275.844621053278,     -0.181947857738,     -1.041901832494,     -0.584912204257
  2556000.000000,-320818.137121704058,  97094.571709016527,  49517.489275734464,     -0.173665205040,     -1.045992900323,     -0.587317389560
  2559000.000000,-321326.643742895336,  93950.556840837511,  47751.984628661477,     -0.165330691758,     -1.050003430967,     -0.589678229281
  2562000.000000,-321810.070944709063,  90794.633564729287,  45979.465311032465,     -0.156945852907,     -1.053931519243,     -0.591993657415
  2565000.000000,-322268.270127016760,  87627.052097747190,  44200.069179230544,     -0.148512282685,     -1.057775234337,     -0.594262589900
  2568000.000000,-322701.097560215741,  84448.068486408622,  42413.937368451690,     -0.140031633778,     -1.061532620958,     -0.596483924990
  2571000.000000,-323108.414559375553,  81257.944678227839,  40621.214345124041,     -0.131505616443,     -1.065201700625,     -0.598656543688
  2574000.000000,-323490.087655285548,  78056.948589178137,  38822.047957908355,     -0.122935997357,     -1.068780473098,     -0.600779310261
  2577000.000000,-323845.988761688408,  74845.354166634846,  37016.589487047073,     -0.114324598225,     -1.072266917960,     -0.602851072828
  2580000.000000,-324175.995337954955,  71623.441447319143,  35204.993691805474,     -0.105673294132,     -1.075658996370,     -0.604870664041
  2583000.000000,-324479.990546433663,  68391.496609726892,  33387.418855723103,     -0.096984011638,     -1.078954652989,     -0.606836901871
  2586000.000000,-324757.863403687370,  65149.812020491292,  31564.026829367420,     -0.088258726610,     -1.082151818100,     -0.608748590486
  2589000.000000,-325009.508924817725,  61898.686274091189,  29734.983070253857,     -0.079499461778,     -1.085248409928,     -0.610604521263
  2592000.000000,-325234.828260070761,  58638.424225281080,  27900.456679568226,     -0.070708284034,     -1.088242337172,     -0.612403473912
  2595000.000000,-325433.728822919016,  55369.337013582794,  26060.620435298577,     -0.061887301453,     -1.091131501767,     -0.614144217743
  2598000.000000,-325606.124408823031,  52091.742079144795,  24215.650821354120,     -0.053038660057,     -1.093913801879,     -0.615825513080
  2601000.000000,-325751.935303895152,  48805.963169243012,  22365.728052219987,     -0.044164540322,     -1.096587135153,     -0.617446112824
  2604000.000000,-325871.088382714079,  45512.330334667575,  20511.036092667819,     -0.035267153440,     -1.099149402208,     -0.619004764184
  2607000.000000,-325963.517194577376,  42211.179915214590,  18651.762672015000,     -0.026348737353,     -1.101598510402,     -0.620500210587
  2610000.000000,-326029.162037526490,  38902.854513481070,  16788.099292399605,     -0.017411552568,     -1.103932377872,     -0.621931193756
  2613000.000000,-326067.970019535976,  35587.702956145644,  14920.241230515243,     -0.008457877790,     -1.106148937835,     -0.623296455991
  2616000.000000,-326079.895106331154,  32266.080241908981,  13048.387532230407,      0.000509994622,     -1.108246143178,     -0.624594742638
  2619000.000000,-326064.898155375908,  28938.347475266430,  11172.740999501626,      0.009489763323,     -1.110221971319,     -0.625824804755
  2622000.000000,-326022.946935668238,  25604.871785293293,   9293.508168979874,      0.018479122771,     -1.112074429330,     -0.626985401981
  2625000.000000,-325954.016133081459,  22266.026228640749,   7410.899281705701,      0.027475768071,     -1.113801559342,     -0.628075305613
  2628000.000000,-325858.087341105682,  18922.189675969428,   5525.128243292061,      0.036477399853,     -1.115401444179,     -0.629093301868
  2631000.000000,-325735.149036967370,  15573.746681089558,   3636.412574004992,      0.045481729137,     -1.116872213248,     -0.630038195352
  2634000.000000,-325585.196543236147,  12221.087332131594,   1744.973348172518,      0.054486482133,     -1.118212048630,     -0.630908812707
  2637000.000000,-325408.231975168281,   8864.607084141073,   -148.964877618226,      0.063489404945,     -1.119419191361,     -0.631704006437
  2640000.000000,-325204.264174178883,   5504.706572576238,  -2045.174148035745,      0.072488268105,     -1.120491947881,     -0.632422658885
  2643000.000000,-324973.308627979713,   2141.791407287106,  -3943.423204680329,      0.081480870920,     -1.121428696591,     -0.633063686359
  2646000.000000,-324715.387378065265,  -1223.728053329796,  -5843.477594309584,      0.090465045553,     -1.122227894504,     -0.633626043371
  2649000.000000,-324430.528915369418,  -4591.436948176402,  -7745.099789928592,      0.099438660818,     -1.122888083921,     -0.634108726969
  2652000.000000,-324118.768065050943,  -7960.916179328600,  -9648.049324976237,      0.108399625630,     -1.123407899096,     -0.634510781130
  2655000.000000,-323780.145861489698, -11331.742697815645, -11552.082940744962,      0.117345892071,     -1.123786072834,     -0.634831301184
  2658000.000000,-323414.709414688870, -14703.489809008091, -13456.954747066960,      0.126275458050,     -1.124021442956,     -0.635069438228
  2661000.000000,-323022.511769375356, -18075.727497140902, -15362.416396186782,      0.135186369505,     -1.124112958578,     -0.635224403494
  2664000.000000,-322603.611758169311, -21448.022768313425, -17268.217269619636,      0.144076722152,     -1.124059686140,     -0.635295472635
  2667000.000000,-322158.073850253131, -24819.940011119135, -19174.104677668201,      0.152944662737,     -1.123860815121,     -0.635281989868
  2670000.000000,-321685.967997005559, -28191.041373868011, -21079.824071140149,      0.161788389802,     -1.123515663375,     -0.635183371958
  2673000.000000,-321187.369476081047, -31560.887157176938, -22985.119264676345,      0.170606153959,     -1.123023682029,     -0.634999111969
  2676000.000000,-320662.358735400543, -34929.036220521863, -24889.732670967856,      0.179396257676,     -1.122384459884,     -0.634728782761
  2679000.000000,-320111.021238484886, -38295.046401172949, -26793.405545011221,      0.188157054602,     -1.121597727260,     -0.634372040183
  2682000.000000,-319533.447312498116, -41658.474943774774, -28695.878237428478,      0.196886948437,     -1.120663359242,     -0.633928625913
  2685000.000000,-318929.732000284770, -45018.878938689915, -30596.890455763481,      0.205584391405,     -1.119581378267,     -0.633398369931
  2688000.000000,-318299.974917575775, -48375.815767100801, -32496.181532562077,      0.214247882346,     -1.118351956035,     -0.632781192565
  2691000.000000,-317644.280116408889, -51728.843550762314, -34393.490698952301,      0.222875964485,     -1.116975414699,     -0.632077106105
  2694000.000000,-316962.755955665838, -55077.521604220397, -36288.557362364496,      0.231467222930,     -1.115452227313,     -0.631286215947
  2697000.000000,-316255.514979464468, -58421.410887260739, -38181.121386971601,      0.240020281948,     -1.113783017536,     -0.630408721260
  2700000.000000,-315522.673803975747, -61760.074455328257, -40070.923375387814,      0.248533802079,     -1.111968558578,     -0.629444915158
  2703000.000000,-314764.353013054060, -65093.077905662911, -41957.704950140971,      0.257006477157,     -1.110009771397,     -0.628395184373
  2706000.000000,-313980.677062889852, -68419.989816931222, -43841.209033429936,      0.265437031288,     -1.107907722171,     -0.627260008443
  2709000.000000,-313171.774195711478, -71740.382180194327, -45721.180123693914,      0.273824215845,     -1.105663619055,     -0.626039958400
  2712000.000000,-312337.776362390025, -75053.830819141906, -47597.364567554912,      0.282166806549,     -1.103278808273,     -0.624735694999
  2715000.000000,-311478.819153634831, -78359.915797633992, -49469.510825746998,      0.290463600667,     -1.100754769575,     -0.623347966486
  2718000.000000,-310595.041739316657, -81658.221812728982, -51337.369731715466,      0.298713414406,     -1.098093111109,     -0.621877605946
  2721000.000000,-309686.586815318151, -84948.338571529734, -53200.694741653686,      0.306915080506,     -1.095295563774,     -0.620325528253
  2724000.000000,-308753.600557196070, -88229.861150351659, -55059.242174843748,      0.315067446109,     -1.092363975090,     -0.618692726662
  2727000.000000,-307796.232579841162, -91502.390334898708, -56912.771443276171,      0.323169370901,     -1.089300302677,     -0.616980269078
  2730000.000000,-306814.635902246577, -94765.532940326040, -58761.045269642578,      0.331219725562,     -1.086106607380,     -0.615189294040
  2733000.000000,-305808.966916441976, -98018.902110264258, -60603.829892920170,      0.339217390544,     -1.082785046127,     -0.613321006472
  2736000.000000,-304779.385359617940,-101262.117594079522, -62440.895260895435,      0.347161255166,     -1.079337864574,     -0.611376673235
  2739000.000000,-303726.054288452840,-104494.806001840145, -64272.015209105513,      0.355050217048,     -1.075767389608,     -0.609357618526
  2742000.000000,-302649.140054663352,-107716.601036652879, -66096.967625805060,      0.362883181864,     -1.072076021768,     -0.607265219167
  2745000.000000,-301548.812280825805,-110927.143704216185, -67915.534602694039,      0.370659063403,     -1.068266227644,     -0.605100899832
  2748000.000000,-300425.243835556961,-114126.082499613840, -69727.502571263758,      0.378376783932,     -1.064340532315,     -0.602866128241
  2751000.000000,-299278.610807200312,-117313.073571533925, -71532.662424735376,      0.386035274827,     -1.060301511868,     -0.600562410364
  2754000.000000,-298109.092475232668,-120487.780864249609, -73330.809625673224,      0.393633477455,     -1.056151786063,     -0.598191285674
  2757000.000000,-296916.871278683189,-123649.876237832577, -75121.744299455502,      0.401170344282,     -1.051894011163,     -0.595754322470
  2760000.000000,-295702.132780943066,-126799.039567191081, -76905.271313875710,      0.408644840166,     -1.047530872989,     -0.593253113311
  2763000.000000,-294465.065630434605,-129934.958820628919, -78681.200345228368,      0.416055943816,     -1.043065080223,     -0.590689270578
  2766000.000000,-293205.861516701931,-133057.330118711165, -80449.345931303935,      0.423402649382,     -1.038499357979,     -0.588064422187
  2769000.000000,-291924.715121580404,-136165.857774296601, -82209.527511777385,      0.430683968141,     -1.033836441676,     -0.585380207474
  2772000.000000,-290621.824065193534,-139260.254314655060, -83961.569456526253,      0.437898930253,     -1.029079071226,     -0.582638273266
  2775000.000000,-289297.388846620277,-142340.240486633673, -85705.301082453909,      0.445046586556,     -1.024229985549,     -0.579840270148
  2778000.000000,-287951.612779158517,-145405.545245865855, -87440.556659425842,      0.452126010367,     -1.019291917420,     -0.576987848940
  2781000.000000,-286584.701920195599,-148455.905731037114, -89167.175405949252,      0.459136299270,     -1.014267588658,     -0.574082657382
  2784000.000000,-285196.864995768294,-151491.067224227358, -90885.001475240817,      0.466076576868,     -1.009159705656,     -0.571126337043
  2787000.000000,-283788.313319966313,-154510.783098348009, -92593.883932334647,      0.472945994465,     -1.003970955248,     -0.568120520439
  2790000.000000,-282359.260709389462,-157514.814752678445, -94293.676722882359,      0.479743732678,     -0.998704000906,     -0.565066828371
  2793000.000000,-280909.923392924247,-160502.931537488039, -95984.238634291672,      0.486469002941,     -0.993361479265,     -0.561966867486
  2796000.000000,-279440.519917147525,-163474.910668702883, -97665.433249838214,      0.493121048917,     -0.987945996960,     -0.558822228027
  2799000.000000,-277951.271047701885,-166430.537133544945, -99337.128896369919,      0.499699147770,     -0.982460127768,     -0.555634481809
  2802000.000000,-276442.399667016172,-169369.603588036669,-100999.198586203653,      0.506202611325,     -0.976906410042,     -0.552405180373
  2805000.000000,-274914.130668766215,-172291.910247224296,-102651.519953791707,      0.512630787085,     -0.971287344418,     -0.549135853341
  2808000.000000,-273366.690849485458,-175197.264768933557,-104293.975187710734,      0.518983059110,     -0.965605391797,     -0.545828006945
  2811000.000000,-271800.308797746140,-178085.482131828379,-105926.450958500340,      0.525258848759,     -0.959862971562,     -0.542483122726
  2814000.000000,-270215.214781333518,-180956.384508500516,-107548.838342850810,      0.531457615286,     -0.954062460043,     -0.539102656399
  2817000.000000,-268611.640632837138,-183809.801134274196,-109161.032744611803,      0.537578856298,     -0.948206189196,     -0.535688036870
  2820000.000000,-266989.819634076382,-186645.568172366591,-110762.933813066251,      0.543622108077,     -0.942296445492,     -0.532240665393
  2823000.000000,-265349.986399769376,-189463.528576001496,-112354.445358884899,      0.549586945762,     -0.936335468992,     -0.528761914866
  2826000.000000,-263692.376760842686,-192263.531948031479,-113935.475268150039,      0.555472983406,     -0.930325452612,     -0.525253129246
  2829000.000000,-262017.227647762542,-195045.434398582176,-115505.935414808948,      0.561279873909,     -0.924268541535,     -0.521715623083
  2832000.000000,-260324.776974252745,-197809.098401192285,-117065.741571890860,      0.567007308826,     -0.918166832793,     -0.518150681163
  2835000.000000,-258615.263521743094,-200554.392647884641,-118614.813321795664,      0.572655018072,     -0.912022374974,     -0.514559558245
  2838000.000000,-256888.926824872440,-203281.191903566534,-120153.073965937045,      0.578222769516,     -0.905837168062,     -0.510943478892
  2841000.000000,-255146.007058347663,-205989.376860122109,-121680.450433998500,      0.583710368487,     -0.899613163393,     -0.507303637379
  2844000.000000,-253386.744925436564,-208678.833990527899,-123196.873193037871,      0.589117657178,     -0.893352263711,     -0.503641197684
  2847000.000000,-251611.381548349978,-211349.455403290165,-124702.276156654159,      0.594444513981,     -0.887056323324,     -0.499957293537
  2850000.000000,-249820.158360745030,-214001.138697473943,-126196.596594409333,      0.599690852744,     -0.880727148343,     -0.496253028540
  2853000.000000,-248013.317002557334,-216633.786818567838,-127679.775041679066,      0.604856621961,     -0.874366496998,     -0.492529476334
  2856000.000000,-246191.099217348412,-219247.307915402111,-129151.755210087853,      0.609941803905,     -0.867976080024,     -0.488787680818
  2859000.000000,-244353.746752331848,-221841.615198316111,-130612.483898667691,      0.614946413710,     -0.861557561104,     -0.485028656410
  2862000.000000,-242501.501261221303,-224416.626798747951,-132061.910905863915,      0.619870498412,     -0.855112557374,     -0.481253388355
  2862254.880935,-242343.455234427936,-224634.508759068733,-132184.532254038699,      0.620285141114,     -0.854563817843,     -0.480931922591
