# Time(s), X(km), Y(km), Z(km), VX(km/s), VY(km/s), VZ(km/s)
        0.000000,-321297.690072571160, 133068.222883130045,  73161.576564345407,     -0.830249143812,     -0.617175461616,     -0.359763988619
     3000.000000,-323774.598687145801, 131214.348156333028,  72080.525183008809,     -0.821026061460,     -0.618726145468,     -0.360928482246
     6000.000000,-326223.863490010845, 129355.954643724326,  70996.055992761496,     -0.811820025586,     -0.620188194856,     -0.362042653462
     9000.000000,-328645.536394064780, 127493.306380331502,  69908.318838518680,     -0.802631540970,     -0.621562850049,     -0.363107247873
    12000.000000,-331039.670729615667, 125626.663728153333,  68817.461351896287,     -0.793461048046,     -0.622851319459,     -0.364122995385
    15000.000000,-333406.321053758438, 123756.283471759787,  67723.628998479500,     -0.784308924499,     -0.624054779626,     -0.365090610096
    18000.000000,-335745.542964455672, 121882.418913902424,  66626.965125389266,     -0.775175486805,     -0.625174375226,     -0.366010790205
    21000.000000,-338057.392919095990, 120005.319971077595,  65527.611009091139,     -0.766060991674,     -0.626211219092,     -0.366884217939
    24000.000000,-340341.928057292884, 118125.233268989119,  64425.705903395137,     -0.756965637434,     -0.627166392261,     -0.367711559499
    27000.000000,-342599.206027681183, 116242.402237862247,  63321.387087597832,     -0.747889565313,     -0.628040944025,     -0.368493465022
    30000.000000,-344829.284818458254, 114357.067207563698,  62214.789914721674,     -0.738832860652,     -0.628835892011,     -0.369230568551
    33000.000000,-347032.222591412137, 112469.465502486259,  61106.047859809041,     -0.729795554017,     -0.629552222257,     -0.369923488028
    36000.000000,-349208.077519171580, 110579.831536158643,  59995.292568231489,     -0.720777622232,     -0.630190889318,     -0.370572825293
    39000.000000,-351356.907625405991, 108688.396905543676,  58882.653903977109,     -0.711778989316,     -0.630752816370,     -0.371179166098
    42000.000000,-353478.770627701131, 106795.390484989417,  57768.259997881680,     -0.702799527327,     -0.631238895334,     -0.371743080131
    45000.000000,-355573.723782827379, 104901.038519799549,  56652.237295771381,     -0.693839057113,     -0.631649987007,     -0.372265121051
    48000.000000,-357641.823734117090, 103005.564719390677,  55534.710606487235,     -0.684897348969,     -0.631986921209,     -0.372745826530
    51000.000000,-359683.126360658964, 101109.190350004734,  54415.803149763189,     -0.675974123190,     -0.632250496930,     -0.373185718310
    54000.000000,-361697.686628016236,  99212.134326946412,  53295.636603931562,     -0.667069050531,     -0.632441482499,     -0.373585302261
    57000.000000,-363685.558440167457,  97314.613306314437,  52174.331153430823,     -0.658181752564,     -0.632560615754,     -0.373945068455
    60000.000000,-365646.794492364221,  95416.841776196859,  51052.005536091834,     -0.649311801934,     -0.632608604229,     -0.374265491239
    63000.000000,-367581.446124595474,  93519.032147298611,  49928.777090179239,     -0.640458722504,     -0.632586125347,     -0.374547029324
    66000.000000,-369489.563175339135,  91621.394842968919,  48804.761801165274,     -0.631621989400,     -0.632493826622,     -0.374790125877
    69000.000000,-371371.193835275713,  89724.138388593885,  47680.074348213137,     -0.622801028944,     -0.632332325886,     -0.374995208622
    72000.000000,-373226.384500631306,  87827.469500316874,  46554.828150346977,     -0.613995218473,     -0.632102211510,     -0.375162689946
    75000.000000,-375055.179625807796,  85931.593173045156,  45429.135412284893,     -0.605203886041,     -0.631804042655,     -0.375292967019
    78000.000000,-376857.621574949357,  84036.712767697623,  44303.107169910436,     -0.596426310009,     -0.631438349531,     -0.375386421916
    81000.000000,-378633.750472085492,  82143.030097642055,  43176.853335356958,     -0.587661718507,     -0.631005633677,     -0.375443421751
    84000.000000,-380383.604049479356,  80250.745514264490,  42050.482741677486,     -0.578909288773,     -0.630506368260,     -0.375464318822
    87000.000000,-382107.217493799806,  78360.057991605907,  40924.103187070883,     -0.570168146364,     -0.629940998398,     -0.375449450761
    90000.000000,-383804.623289724870,  76471.165209992512,  39797.821478632723,     -0.561437364230,     -0.629309941510,     -0.375399140699
    93000.000000,-385475.851060570334,  74584.263638577017,  38671.743475596399,     -0.552715961658,     -0.628613587693,     -0.375313697444
    96000.000000,-387120.927405525930,  72699.548616697095,  37545.974132026604,     -0.544002903065,     -0.627852300131,     -0.375193415666
    99000.000000,-388739.875733066234,  70817.214433945512,  36420.617538923623,     -0.535297096653,     -0.627026415548,     -0.375038576106
   102000.000000,-390332.716090089118,  68937.454408832913,  35295.776965691861,     -0.526597392906,     -0.626136244694,     -0.374849445793
   105000.000000,-391899.464986317791,  67060.460965909471,  34171.554900921030,     -0.517902582934,     -0.625182072885,     -0.374626278282
   108000.000000,-393440.135213484638,  65186.425711194213,  33048.053092422168,     -0.509211396648,     -0.624164160597,     -0.374369313916
   111000.000000,-394954.735658796679,  63315.539505742694,  31925.372586453566,     -0.500522500774,     -0.623082744111,     -0.374078780102
   114000.000000,-396443.271112161747,  61447.992537161357,  30803.613766063827,     -0.491834496677,     -0.621938036236,     -0.373754891626
   117000.000000,-397905.742066631152,  59583.974388853654,  29682.876388470333,     -0.483145918012,     -0.620730227106,     -0.373397850982
   120000.000000,-399342.144511495251,  57723.674106755469,  28563.259621381203,     -0.474455228176,     -0.619459485053,     -0.373007848746
   123000.000000,-400752.469717439788,  55867.280263287212,  27444.862078157712,     -0.465760817561,     -0.618125957592,     -0.372585063978
   126000.000000,-402136.704013149953,  54014.981018216262,  26327.781851701591,     -0.457061000597,     -0.616729772501,     -0.372129664669
   129000.000000,-403494.828552719671,  52166.964176085712,  25212.116546937570,     -0.448354012579,     -0.615271039031,     -0.371641808232
   132000.000000,-404826.819073200924,  50323.417239823648,  24097.963311746007,     -0.439638006265,     -0.613749849244,     -0.371121642045
   135000.000000,-406132.645641596057,  48484.527460100981,  22985.418866183150,     -0.430911048237,     -0.612166279511,     -0.370569304051
   138000.000000,-407412.272390572238,  46650.481879954794,  21874.579529807197,     -0.422171115021,     -0.610520392176,     -0.369984923422
   141000.000000,-408665.657242146786,  44821.467374137319,  20765.541246906792,     -0.413416088946,     -0.608812237411,     -0.369368621295
   144000.000000,-409892.751618562499,  42997.670682588228,  19658.399609404860,     -0.404643753744,     -0.607041855284,     -0.368720511587
   147000.000000,-411093.500139545649,  41179.278437358320,  18553.249877183964,     -0.395851789870,     -0.605209278057,     -0.368040701900
   150000.000000,-412267.840305107879,  39366.477182236078,  17450.186995549957,     -0.387037769541,     -0.603314532760,     -0.367329294526
   153000.000000,-413415.702163026959,  37559.453384243505,  16349.305609518142,     -0.378199151482,     -0.601357644044,     -0.366586387562
   156000.000000,-414537.007960113464,  35758.393436073515,  15250.700074569830,     -0.369333275373,     -0.599338637370,     -0.365812076152
   159000.000000,-415631.671776345698,  33963.483648437417,  14154.464463487382,     -0.360437355976,     -0.597257542556,     -0.365006453859
   162000.000000,-416699.599140932143,  32174.910231175818,  13060.692568831568,     -0.351508476957,     -0.595114397725,     -0.364169614203
   165000.000000,-417740.686629344069,  30392.859261859958,  11969.477900576372,     -0.342543584381,     -0.592909253706,     -0.363301652355
   168000.000000,-418754.821440342988,  28617.516640470360,  10880.913678362711,     -0.333539479878,     -0.590642178923,     -0.362402667031
   171000.000000,-419741.880952025589,  26849.068028586105,   9795.092817773348,     -0.324492813487,     -0.588313264842,     -0.361472762589
   174000.000000,-420701.732255904120,  25087.698771348925,   8712.107909966360,     -0.315400076173,     -0.585922632019,     -0.360512051362
   177000.000000,-421634.231668054068,  23333.593800280749,   7632.051193933050,     -0.306257592019,     -0.583470436825,     -0.359520656250
   180000.000000,-422539.224216380273,  21586.937514830064,   6555.014520567961,     -0.297061510116,     -0.580956878915,     -0.358498713589
   183000.000000,-423416.543103092525,  19847.913640300252,   5481.089307652962,     -0.287807796152,     -0.578382209518,     -0.357446376344
   186000.000000,-424266.009141532180,  18116.705059570493,   4410.366484763731,     -0.278492223726,     -0.575746740634,     -0.356363817641
   189000.000000,-425087.430166569829,  16393.493615755800,   3342.936427004944,     -0.269110365417,     -0.573050855227,     -0.355251234687
   192000.000000,-425880.600417892041,  14678.459882665915,   2278.888876369472,     -0.259657583651,     -0.570295018515,     -0.354108853111
   195000.000000,-426645.299895624630,  12971.782899612193,   1218.312849396599,     -0.250129021404,     -0.567479790468,     -0.352936931761
   198000.000000,-427381.293687904486,  11273.639866776135,    161.296529674260,     -0.240519592804,     -0.564605839623,     -0.351735768019
   201000.000000,-428088.331270216964,   9584.205796992270,   -892.072856409645,     -0.230823973720,     -0.561673958344,     -0.350505703663
   204000.000000,-428766.145776567806,   7903.653119411604,  -1941.709182411758,     -0.221036592419,     -0.558685079667,     -0.349247131345
   207000.000000,-429414.453242868418,   6232.151230099718,  -2987.527584978400,     -0.211151620400,     -0.555640295860,     -0.347960501720
   210000.000000,-430032.951823285548,   4569.865984187168,  -4029.444649465591,     -0.201162963563,     -0.552540878847,     -0.346646331311
   213000.000000,-430621.320980758464,   2916.959123730746,  -5067.378620286539,     -0.191064253847,     -0.549388302672,     -0.345305211142
   216000.000000,-431179.220653418452,   1273.587634965668,  -6101.249638425242,     -0.180848841563,     -0.546184268137,     -0.343937816224
   219000.000000,-431706.290399284859,   -360.096971864854,  -7130.980008747032,     -0.170509788621,     -0.542930729807,     -0.342544915945
   222000.000000,-432202.148522356991,  -1983.949467418633,  -8156.494499932739,     -0.160039862947,     -0.539629925524,     -0.341127385439
   225000.000000,-432666.391184100125,  -3597.831800720921,  -9177.720680059680,     -0.149431534386,     -0.536284408625,     -0.339686217995
   228000.000000,-433098.591505343153,  -5201.614097499545, -10194.589291045539,     -0.138676972474,     -0.532897082998,     -0.338222538566
   231000.000000,-433498.298664789356,  -6795.175768167918, -11207.034665355153,     -0.127768046481,     -0.529471241145,     -0.336737618441
   234000.000000,-433865.037001703458,  -8378.406734660779, -12214.995188538334,     -0.116696328239,     -0.526010605378,     -0.335232891138
   237000.000000,-434198.305131897796,  -9951.208785688657, -13218.413811310606,     -0.105453098282,     -0.522519372250,     -0.333709969549
   240000.000000,-434497.575087918492, -11513.497070246462, -14217.238614997772,     -0.094029355947,     -0.519002260298,     -0.332170664370
   243000.000000,-434762.291496338614, -13065.201739356033, -15211.423434226401,     -0.082415834139,     -0.515464561127,     -0.330617003834
   246000.000000,-434991.870807325526, -14606.269746001994, -16200.928540740621,     -0.070603019554,     -0.511912193772,     -0.329051254727
   249000.000000,-435185.700594164256, -16136.666812987394, -17185.721392142372,     -0.058581179247,     -0.508351762255,     -0.327475944644
   252000.000000,-435343.138943201688, -17656.379577934804, -18165.777449166340,     -0.046340394515,     -0.504790616084,     -0.325893885406
   255000.000000,-435463.513957723568, -19165.417923825178, -19141.081064786842,     -0.033870603153,     -0.501236913370,     -0.324308197504
   258000.000000,-435546.123402577359, -20663.817502227630, -20111.626447984007,     -0.021161651226,     -0.497699686079,     -0.322722335389
   261000.000000,-435590.234519880381, -22151.642454645484, -21077.418704338314,     -0.008203355557,     -0.494188906732,     -0.321140113357
   264000.000000,-435595.084049871250, -23628.988335096692, -22038.474954740846,      0.005014421783,     -0.490715555691,     -0.319565731675
   267000.000000,-435559.878494798613, -25095.985234062300, -22994.825532363648,      0.018501685723,     -0.487291687915,     -0.318003802548
   270000.000000,-435483.794667616137, -26552.801100172092, -23946.515256589995,      0.032268205865,     -0.483930497768,     -0.316459375361
   273000.000000,-435365.980571035005, -27999.645251348953, -24893.604780818656,      0.046323398370,     -0.480646380203,     -0.314937960567
   276000.000000,-435205.556656028610, -29436.772061503700, -25836.172008889884,      0.060676190937,     -0.477454986244,     -0.313445551402
   279000.000000,-435001.617511978315, -30864.484802172730, -26774.313572300394,      0.075334869923,     -0.474373270363,     -0.311988642526
   282000.000000,-434753.234043062374, -32283.139610655759, -27708.146357352904,      0.090306908981,     -0.471419526934,     -0.310574244483
   285000.000000,-434459.456186920172, -33693.149547206100, -28637.809067909770,      0.105598778896,     -0.468613412583,     -0.309209892757
   288000.000000,-434119.316231743433, -35094.988693664585, -29563.463805493386,      0.121215738884,     -0.465975950844,     -0.307903650039
   291000.000000,-433731.832786364888, -36489.196234685944, -30485.297644126935,      0.137161610163,     -0.463529515217,     -0.306664100190
   294000.000000,-433296.015454226290, -37876.380450540346, -31403.524172596972,      0.153438533472,     -0.461297786448,     -0.305500332281
   297000.000000,-432810.870255873888, -39257.222537637812, -32318.384971842192,      0.170046713047,     -0.459305679665,     -0.304421913021
   300000.000000,-432275.405835417449, -40632.480159793486, -33230.150990073394,      0.186984150696,     -0.457579237013,     -0.303438845872
   303000.000000,-431688.640473815904, -42002.990620330442, -34139.123773202191,      0.204246374743,     -0.456145481570,     -0.302561515207
   306000.000000,-431049.609915581008, -43369.673533050060, -35045.636503449139,      0.221826169924,     -0.455032228759,     -0.301800614040
   309000.000000,-430357.375995340757, -44733.532859672967, -35950.054794918833,      0.239713315591,     -0.454267852139,     -0.301167054103
   312000.000000,-429611.036026643298, -46095.658173480093, -36852.777191823458,      0.257894340892,     -0.453881001502,     -0.300671857435
   315000.000000,-428809.732887634484, -47457.225004575434, -37754.235313299265,      0.276352306729,     -0.453900272538,     -0.300326029189
   318000.000000,-427952.665707308217, -48819.494122512006, -38654.893588804662,      0.295066625275,     -0.454353829069,     -0.300140412002
   321000.000000,-427039.101022756076, -50183.809618014442, -39555.248530319819,      0.314012928380,     -0.455268980912,     -0.300125523087
   324000.000000,-426068.384243431268, -51551.595658128921, -40455.827492350858,      0.333162996382,     -0.456671722738,     -0.300291376101
   327000.000000,-425039.951224468532, -52924.351809055355, -41357.186878358894,      0.352484758367,     -0.458586241869,     -0.300647290817
   330000.000000,-423953.339719456329, -54303.646848554810, -42259.909762841875,      0.371942373794,     -0.461034405498,     -0.301201694644
   333000.000000,-422808.200455889222, -55691.111025122555, -43164.602911878043,      0.391496403562,     -0.464035240335,     -0.301961920990
   336000.000000,-421604.307556096755, -57088.426763474177, -44071.893201270439,      0.411104075946,     -0.467604419862,     -0.302934010337
   339000.000000,-420341.568014960387, -58497.317864104582, -44982.423450050344,      0.430719649506,     -0.471753776042,     -0.304122520534
   342000.000000,-419020.029945155547, -59919.537296919443, -45896.847707304027,      0.450294871175,     -0.476490853331,     -0.305530353218
   345000.000000,-417639.889312466839, -61356.853742806685, -46815.826051156881,      0.469779523404,     -0.481818522905,     -0.307158603307
   348000.000000,-416201.494908732362, -62811.037089657577, -47740.018979180684,      0.489122049802,     -0.487734674098,     -0.309006438174
   351000.000000,-414705.351348121651, -64283.843137645068, -48670.081488277436,      0.508270244469,     -0.494231998085,     -0.311071012347
   354000.000000,-413152.119922740036, -65776.997809382432, -49606.656958020103,      0.527171986408,     -0.501297875827,     -0.313347422448
   357000.000000,-411542.617214006023, -67292.181191039126, -50550.370963377885,      0.545775997474,     -0.508914378425,     -0.315828705576
   360000.000000,-409877.811424017884, -68831.011748243167, -51501.825149808457,      0.564032600439,     -0.517058383486,     -0.318505882586
   363000.000000,-408158.816462675983, -70395.031064096547, -52461.591305251226,      0.581894453101,     -0.525701806202,     -0.321368045846
   366000.000000,-406386.883897721185, -71985.689435282402, -53430.205759364471,      0.599317235138,     -0.534811938892,     -0.324402489097
   369000.000000,-404563.392942077422, -73604.332636505642, -54408.164230581162,      0.616260266408,     -0.544351888190,     -0.327594875308
   372000.000000,-402689.838712216297, -75252.190124859073, -55395.917226772799,      0.632687038603,     -0.554281095057,     -0.330929436842
   375000.000000,-400767.819039576454, -76930.364906505682, -56393.866086412309,      0.648565646271,     -0.564555919806,     -0.334389201065
   378000.000000,-398799.020152088953, -78639.825231337614, -57402.359725279217,      0.663869107921,     -0.575130272331,     -0.337956233787
   381000.000000,-396785.201563333801, -80381.398220414601, -58421.692130263538,      0.678575572850,     -0.585956266961,     -0.341611892560
   384000.000000,-394728.180512576248, -82155.765469471022, -59452.100618041834,      0.692668414193,     -0.596984881697,     -0.345337082018
   387000.000000,-392629.816290699993, -83963.460612862371, -60493.764853579516,      0.706136213099,     -0.608166602946,     -0.349112503931
   390000.000000,-390491.994766502467, -85804.868778787917, -61546.806602640172,      0.718972642696,     -0.619452039075,     -0.352918895492
   393000.000000,-388316.613397193491, -87680.227820629952, -62611.290174595459,      0.731176263454,     -0.630792488877,     -0.356737250424
   396000.000000,-386105.566968865227, -89589.631172216235, -63687.223497386447,      0.742750243567,     -0.642140454195,     -0.360549018716
   399000.000000,-383860.734269919165, -91533.032147433623, -64774.559755764232,      0.753702019102,     -0.653450089220,     -0.364336282019
   402000.000000,-381583.965855574061, -93510.249486903005, -65873.199516945431,      0.764042908954,     -0.664677582096,     -0.368081902996
   405000.000000,-379277.073017002840, -95520.973945811595, -66982.993264346733,      0.773787699164,     -0.675781467394,     -0.371769648016
   408000.000000,-376941.818026302266, -97564.775716489487, -68103.744259732732,      0.782954210196,     -0.686722870496,     -0.375384283532
   411000.000000,-374579.905689887120, -99641.112485638150, -69235.211656433297,      0.791562859263,     -0.697465686974,     -0.378911647332
   414000.000000,-372192.976209032815,-101749.337937844888, -70377.113790713818,      0.799636228154,     -0.707976701611,     -0.382338696391
   417000.000000,-369782.599317742337,-103888.710532710524, -71529.131584358183,      0.807198645139,     -0.718225652814,     -0.385653533552
   420000.000000,-367350.269645060936,-106058.402401215339, -72690.911998525131,      0.814275787744,     -0.728185248792,     -0.388845415451
   423000.000000,-364897.403231273580,-108257.508226634003, -73862.071486492350,      0.820894311427,     -0.737831142195,     -0.391904744278
   426000.000000,-362425.335114727030,-110485.053995360809, -75042.199400612953,      0.827081507602,     -0.747141869843,     -0.394823045914
   429000.000000,-359935.317897782312,-112740.005522598993, -76230.861316355629,      0.832864993102,     -0.756098763934,     -0.397592936914
   432000.000000,-357428.521196015237,-115021.276676391237, -77427.602243445901,      0.838272431951,     -0.764685840681,     -0.400208082621
   435000.000000,-354906.031873581873,-117327.737240496106, -78631.949700703262,      0.843331289399,     -0.772889671754,     -0.402663148514
   438000.000000,-352368.854969014472,-119658.220371890871, -79843.416637077680,      0.848068617417,     -0.780699243331,     -0.404953746616
   441000.000000,-349817.915219013637,-122011.529622084752, -81061.504186580409,      0.852510870271,     -0.788105806897,     -0.407076378594
   444000.000000,-347254.059092520154,-124386.445502947041, -82285.704249272458,      0.856683748445,     -0.795102725325,     -0.409028376907
   447000.000000,-344678.057253026462,-126781.731587461414, -83515.501894244750,      0.860612068878,     -0.801685317191,     -0.410807845160
   450000.000000,-342090.607373336621,-129196.140143837081, -84750.377583645037,      0.864319659393,     -0.807850701723,     -0.412413598588
   453000.000000,-339492.337233507656,-131628.417307897849, -85989.809219337709,      0.867829275119,     -0.813597646323,     -0.413845105437
   456000.000000,-336883.808039256372,-134077.307803810050, -87233.274015792180,      0.871162534735,     -0.818926418154,     -0.415102429824
   459000.000000,-334265.517904525797,-136541.559227179619, -88480.250204352953,      0.874339874443,     -0.823838640965,     -0.416186176529
   462000.000000,-331637.905448049714,-139019.925907522702, -89730.218575215898,      0.877380517677,     -0.828337157970,     -0.417097438051
   465000.000000,-329001.353459547099,-141511.172369258100, -90982.663864285481,      0.880302458670,     -0.832425901392,     -0.417837744174
   468000.000000,-326356.192596581532,-144014.076411828748, -92237.075992671249,      0.883122458168,     -0.836109769056,     -0.418409014181
   471000.000000,-323702.705078104394,-146527.431830464222, -93492.951166950472,      0.885856049675,     -0.839394508251,     -0.418813511829
   474000.000000,-321041.128345270408,-149050.050799557270, -94749.792848519166,      0.888517554792,     -0.842286606948,     -0.419053803100
   477000.000000,-318371.658664278162,-151580.765940738784, -96007.112600412511,      0.891120106323,     -0.844793192372,     -0.419132716760
   480000.000000,-315694.454649766325,-154118.432097573386, -97264.430819927569,      0.893675677937,     -0.846921936821,     -0.419053307663
   483000.000000,-313009.640690714063,-156661.927838425472, -98521.277365250877,      0.896195119334,     -0.848680970599,     -0.418818822773
   486000.000000,-310317.310263879306,-159210.156708511728, -99777.192084099472,      0.898688195902,     -0.850078801840,     -0.418432669804
   489000.000000,-307617.529122588283,-161762.048251503060,-101031.725252142656,      0.901163632015,     -0.851124243003,     -0.417898388414
   492000.000000,-304910.338351186190,-164316.558820292499,-102284.437928695159,      0.903629157174,     -0.851826343781,     -0.417219623847
   495000.000000,-302195.757277704251,-166872.672195736755,-103534.902236868395,      0.906091554277,     -0.852194330124,     -0.416400102910
   498000.000000,-299473.786239305162,-169429.400031318859,-104782.701575044528,      0.908556709395,     -0.852237549114,     -0.415443612192
   501000.000000,-296744.409196864755,-171985.782140789262,-106027.430766202539,      0.911029662484,     -0.851965419360,     -0.414353978396
   504000.000000,-294007.596196643717,-174540.886644928862,-107268.696151280295,      0.913514658536,     -0.851387386630,     -0.413135050675
   507000.000000,-291263.305678419652,-177093.809992654395,-108506.115632407964,      0.916015198716,     -0.850512884398,     -0.411790684858
   510000.000000,-288511.486630696221,-179643.676870755735,-109739.318671495421,      0.918534091114,     -0.849351299000,     -0.410324729444
   513000.000000,-285752.080594697851,-182189.640015630692,-110967.946249305824,      0.921073500751,     -0.847911939090,     -0.408741013242
   516000.000000,-282985.023519805167,-184730.879939463834,-112191.650789799052,      0.923634998566,     -0.846204009098,     -0.407043334558
   519000.000000,-280210.247473897063,-187266.604582393164,-113410.096054185226,      0.926219609121,     -0.844236586383,     -0.405235451801
   522000.000000,-277427.682212754327,-189796.048901322414,-114622.957008792277,      0.928827856822,     -0.842018601791,     -0.403321075398
   525000.000000,-274637.256613248028,-192318.474405176123,-115829.919670523857,      0.931459810485,     -0.839558823350,     -0.401303860921
   528000.000000,-271838.899975504202,-194833.168645558151,-117030.680933365831,      0.934115126097,     -0.836865842798,     -0.399187403309
   531000.000000,-269032.543199598207,-197339.444670970348,-118224.948379094014,      0.936793087684,     -0.833948064719,     -0.396975232100
   534000.000000,-266218.119842613232,-199836.640451977495,-119412.440075042381,      0.939492646194,     -0.830813697998,     -0.394670807554
   537000.000000,-263395.567062088172,-202324.118283968186,-120592.884361511475,      0.942212456345,     -0.827470749388,     -0.392277517609
   540000.000000,-260564.826452005334,-204801.264173465461,-121766.019631132251,      0.944950911417,     -0.823927018943,     -0.389798675551
   543000.000000,-257725.844777522114,-207267.487213282846,-122931.594102250470,      0.947706175960,     -0.820190097113,     -0.387237518341
   546000.000000,-254878.574614649493,-209722.218951204442,-124089.365588163069,      0.950476216459,     -0.816267363299,     -0.384597205512
   549000.000000,-252022.974901026493,-212164.912756292353,-125239.101263819059,      0.953258829947,     -0.812165985688,     -0.381880818571
   552000.000000,-249159.011403843091,-214595.043186390045,-126380.577431394850,      0.956051670630,     -0.807892922187,     -0.379091360836
   555000.000000,-246286.657110828062,-217012.105359897076,-127513.579285966422,      0.958852274562,     -0.803454922311,     -0.376231757652
   558000.000000,-243405.892550052842,-219415.614334438316,-128637.900682328909,      0.961658082439,     -0.798858529871,     -0.373304856935
   561000.000000,-240516.706044108549,-221805.104494637315,-129753.343903856701,      0.964466460568,     -0.794110086331,     -0.370313429978
   564000.000000,-237619.093904002133,-224180.128950829589,-130859.719434154715,      0.967274720093,     -0.789215734727,     -0.367260172498
   567000.000000,-234713.060567887354,-226540.258950213873,-131956.845732122485,      0.970080134565,     -0.784181424025,     -0.364147705861
   570000.000000,-231798.618689507362,-228885.083301636623,-133044.549010937946,      0.972879955909,     -0.779012913834,     -0.360978578459
   573000.000000,-228875.789180977590,-231214.207814937574,-134122.663021364569,      0.975671428910,     -0.773715779389,     -0.357755267215
   576000.000000,-225944.601214286813,-233527.254755543952,-135191.028839695093,      0.978451804264,     -0.768295416721,     -0.354480179164
   579000.000000,-223005.092185641348,-235823.862314795173,-136249.494660565804,      0.981218350311,     -0.762757047966,     -0.351155653113
   582000.000000,-220057.307646527042,-238103.684096294746,-137297.915594805614,      0.983968363504,     -0.757105726730,     -0.347783961336
   585000.000000,-217101.301205115422,-240366.388618431316,-138336.153472424543,      0.986699177724,     -0.751346343494,     -0.344367311301
   588000.000000,-214137.134401399584,-242611.658833073860,-139364.076650794916,      0.989408172493,     -0.745483630992,     -0.340907847405
   591000.000000,-211164.876559209515,-244839.191660333221,-140381.559828034573,      0.992092780185,     -0.739522169534,     -0.337407652702
   594000.000000,-208184.604618028447,-247048.697539184097,-141388.483861564659,      0.994750492294,     -0.733466392250,     -0.333868750625
   597000.000000,-205196.402947314869,-249239.899993663654,-142384.735591784149,      0.997378864842,     -0.727320590231,     -0.330293106673
   600000.000000,-202200.363145823765,-251412.535214297270,-143370.207670777367,      0.999975522981,     -0.721088917536,     -0.326682630076
   603000.000000,-199196.583828221977,-253566.351654350234,-144344.798395950958,      1.002538164871,     -0.714775396065,     -0.323039175421
   606000.000000,-196185.170401103038,-255701.109640464652,-145308.411548480304,      1.005064564883,     -0.708383920276,     -0.319364544227
   609000.000000,-193166.234830327419,-257816.580997210986,-146260.956236432801,      1.007552576186,     -0.701918261742,     -0.315660486487
   612000.000000,-190139.895401445567,-259912.548685062618,-147202.346742426860,      1.010000132778,     -0.695382073544,     -0.311928702153
   615000.000000,-187106.276474802056,-261988.806451289187,-148132.502375678770,      1.012405251011,     -0.688778894487,     -0.308170842574
   618000.000000,-184065.508236770664,-264045.158493258175,-149051.347328286531,      1.014766030656,     -0.682112153159,     -0.304388511882
   621000.000000,-181017.726448431466,-266081.419133633492,-149958.810535597673,      1.017080655548,     -0.675385171802,     -0.300583268330
   624000.000000,-177963.072192871739,-268097.412506964291,-150854.825540509220,      1.019347393863,     -0.668601170036,     -0.296756625575
   627000.000000,-174901.691622172337,-270092.972257165122,-151739.330361549539,      1.021564598059,     -0.661763268397,     -0.292910053916
   630000.000000,-171833.735705030558,-272067.941245400463,-152612.267364595726,      1.023730704519,     -0.654874491732,     -0.289044981480
   633000.000000,-168759.359975867264,-274022.171267899219,-153473.583138083981,      1.025844232919,     -0.647937772431,     -0.285162795366
   636000.000000,-165678.724286171491,-275955.522783242632,-154323.228371575708,      1.027903785376,     -0.640955953507,     -0.281264842739
   639000.000000,-162591.992558749625,-277867.864648682822,-155161.157737547852,      1.029908045367,     -0.633931791538,     -0.277352431881
   642000.000000,-159499.332545464014,-279759.073865070590,-155987.329776281229,      1.031855776487,     -0.626867959469,     -0.273426833212
   645000.000000,-156400.915588975011,-281629.035329986480,-156801.706783726666,      1.033745821030,     -0.619767049276,     -0.269489280252
   648000.000000,-153296.916388930171,-283477.641598689428,-157604.254702234262,      1.035577098442,     -0.612631574514,     -0.265540970565
   651000.000000,-150187.512772984715,-285304.792652516044,-158394.943014037010,      1.037348603651,     -0.605463972742,     -0.261583066658
   654000.000000,-147072.885472978727,-287110.395674382045,-159173.744637385418,      1.039059405303,     -0.598266607830,     -0.257616696843
   657000.000000,-143953.217906546517,-288894.364831055689,-159940.635825234698,      1.040708643908,     -0.591041772167,     -0.253642956081
   660000.000000,-140828.695964384620,-290656.621061892656,-160695.596066392580,      1.042295529924,     -0.583791688766,     -0.249662906779
   663000.000000,-137699.507803363376,-292397.091873738973,-161438.607989040436,      1.043819341778,     -0.576518513269,     -0.245677579573
   666000.000000,-134565.843645627494,-294115.711141726875,-162169.657266545953,      1.045279423853,     -0.569224335871,     -0.241687974073
   669000.000000,-131427.895583795937,-295812.418915704882,-162888.732525491127,      1.046675184440,     -0.561911183153,     -0.237695059598
   672000.000000,-128285.857392340506,-297487.161232060986,-163595.825255844538,      1.048006093667,     -0.554581019847,     -0.233699775870
   675000.000000,-125139.924345193736,-299139.889930711535,-164290.929723211739,      1.049271681418,     -0.547235750516,     -0.229703033702
   678000.000000,-121990.293039611832,-300770.562477045809,-164974.042883102142,      1.050471535245,     -0.539877221176,     -0.225705715660
   681000.000000,-118837.161226295953,-302379.141788627137,-165645.164297155716,      1.051605298285,     -0.532507220848,     -0.221708676704
   684000.000000,-115680.727645754989,-303965.596066467231,-166304.296051276266,      1.052672667186,     -0.525127483054,     -0.217712744819
   687000.000000,-112521.191870875118,-305529.898630699783,-166951.442675621423,      1.053673390039,     -0.517739687255,     -0.213718721625
   690000.000000,-109358.754155646151,-307072.027760492580,-167586.611066403595,      1.054607264345,     -0.510345460240,     -0.209727382969
   693000.000000,-106193.615289979905,-308591.966538047185,-168209.810409457539,      1.055474134988,     -0.502946377463,     -0.205739479514
   696000.000000,-103025.976460544174,-310089.702696543827,-168821.052105534036,      1.056273892251,     -0.495543964333,     -0.201755737303
   699000.000000, -99856.039117524619,-311565.228471899580,-169420.349697280093,      1.057006469848,     -0.488139697470,     -0.197776858314
   702000.000000, -96684.004847217322,-313018.540458215284,-170007.718797869020,      1.057671843005,     -0.480735005910,     -0.193803521010
   705000.000000, -93510.075250346636,-314449.639466794266,-170583.177021244890,      1.058270026567,     -0.473331272276,     -0.189836380863
   708000.000000, -90334.451825995304,-315858.530388624233,-171146.743913947808,      1.058801073146,     -0.465929833921,     -0.185876070884
   711000.000000, -87157.335861028434,-317245.222060218628,-171698.440888487763,      1.059265071308,     -0.458531984026,     -0.181923202128
   714000.000000, -83978.928324886772,-318609.727132722037,-172238.291158237320,      1.059662143812,     -0.451138972672,     -0.177978364196
   717000.000000, -80799.429769621478,-319952.061944188608,-172766.319673813530,      1.059992445876,     -0.443752007889,     -0.174042125731
   720000.000000, -77619.040235038818,-321272.246394948801,-173282.553060922422,      1.060256163502,     -0.436372256665,     -0.170115034897
   723000.000000, -74437.959158820813,-322570.303825984302,-173787.019559640146,      1.060453511835,     -0.429000845943,     -0.166197619855
   726000.000000, -71256.385291486644,-323846.260900236433,-174279.748965106090,      1.060584733577,     -0.421638863579,     -0.162290389230
   729000.000000, -68074.516616058114,-325100.147486775182,-174760.772569604916,      1.060650097437,     -0.414287359291,     -0.158393832569
   732000.000000, -64892.550272292799,-326331.996547763236,-175230.123106014827,      1.060649896636,     -0.406947345574,     -0.154508420796
   735000.000000, -61710.682485347999,-327541.844028148742,-175687.834692600445,      1.060584447449,     -0.399619798605,     -0.150634606652
   738000.000000, -58529.108498739668,-328729.728748025605,-176133.942779128527,      1.060454087797,     -0.392305659116,     -0.146772825135
   741000.000000, -55348.022511460775,-329895.692297602072,-176568.484094285115,      1.060259175883,     -0.385005833259,     -0.142923493931
   744000.000000, -52167.617619124750,-331039.778934719623,-176991.496594372991,      1.060000088875,     -0.377721193444,     -0.139087013836
   747000.000000, -48988.085759000780,-332162.035484867112,-177403.019413267699,      1.059677221626,     -0.370452579161,     -0.135263769171
   750000.000000, -45809.617658808609,-333262.511243636371,-177803.092813610943,      1.059290985447,     -0.363200797787,     -0.131454128194
   753000.000000, -42632.402789142507,-334341.257881567173,-178191.758139220008,      1.058841806916,     -0.355966625374,     -0.127658443497
   756000.000000, -39456.629319395026,-335398.329351331922,-178569.057768692117,      1.058330126736,     -0.348750807420,     -0.123877052405
   759000.000000, -36282.484077053705,-336433.781797210220,-178935.035070183105,      1.057756398627,     -0.341554059622,     -0.120110277364
   762000.000000, -33110.152510245505,-337447.673466807930,-179289.734357340349,      1.057121088269,     -0.334377068623,     -0.116358426318
   765000.000000, -29939.818653406423,-338440.064624973224,-179633.200846369698,      1.056424672276,     -0.327220492729,     -0.112621793091
   768000.000000, -26771.665095956305,-339411.017469867307,-179965.480614217842,      1.055667637217,     -0.320084962625,     -0.108900657748
   771000.000000, -23605.872953861595,-340360.596051145229,-180286.620557850460,      1.054850478671,     -0.312971082070,     -0.105195286962
   774000.000000, -20442.621843971763,-341288.866190204921,-180596.668354607886,      1.053973700323,     -0.305879428580,     -0.101505934369
   777000.000000, -17282.089861018118,-342195.895402464317,-180895.672423619690,      1.053037813092,     -0.298810554097,     -0.097832840918
   780000.000000, -14124.453557166791,-343081.752821624046,-181183.681888259423,      1.052043334299,     -0.291764985642,     -0.094176235211
   783000.000000, -10969.887924020637,-343946.509125877288,-181460.746539621119,      1.050990786869,     -0.284743225961,     -0.090536333849
   786000.000000,  -7818.566376967814,-344790.236466026457,-181726.916800998559,      1.049880698561,     -0.277745754151,     -0.086913341753
   789000.000000,  -4670.660741777716,-345613.008395466721,-181982.243693348195,      1.048713601242,     -0.270773026278,     -0.083307452497
   792000.000000,  -1526.341243347707,-346414.899801998981,-182226.778801716689,      1.047490030180,     -0.263825475981,     -0.079718848620
   795000.000000,   1614.223503493138,-347195.986841431819,-182460.574242613511,      1.046210523377,     -0.256903515056,     -0.076147701942
   798000.000000,   4750.866501214441,-347956.346872935304,-182683.682632308803,      1.044875620925,     -0.250007534042,     -0.072594173867
   801000.000000,   7883.422374937651,-348696.058396108099,-182896.157056037366,      1.043485864399,     -0.243137902780,     -0.069058415685
   804000.000000,  11011.727375997918,-349415.200989720586,-183098.051038089412,      1.042041796273,     -0.236294970968,     -0.065540568857
   807000.000000,  14135.619383798165,-350113.855252096837,-183289.418512768520,      1.040543959362,     -0.229479068700,     -0.062040765310
   810000.000000,  17254.937906036190,-350792.102743099444,-183470.313796198752,      1.038992896294,     -0.222690506993,     -0.058559127712
   813000.000000,  20369.524077382961,-351450.025927680894,-183640.791558961966,      1.037389149008,     -0.215929578309,     -0.055095769745
   816000.000000,  23479.220656687557,-352087.708120966854,-183800.906799548102,      1.035733258272,     -0.209196557052,     -0.051650796376
   819000.000000,  26583.872022781306,-352705.233434836846,-183950.714818600158,      1.034025763233,     -0.202491700068,     -0.048224304117
   822000.000000,  29683.324168950956,-353302.686725967622,-184090.271193937078,      1.032267200978,     -0.195815247122,     -0.044816381282
   825000.000000,  32777.424696147806,-353880.153545305948,-184219.631756337098,      1.030458106128,     -0.189167421373,     -0.041427108237
   828000.000000,  35866.022804997046,-354437.720088936854,-184338.852566064044,      1.028599010449,     -0.182548429831,     -0.038056557648
   831000.000000,  38948.969286669024,-354975.473150314414,-184447.989890119294,      1.026690442479,     -0.175958463804,     -0.034704794713
   834000.000000,  42026.116512671608,-355493.500073820760,-184547.100180201873,      1.024732927181,     -0.169397699342,     -0.031371877404
   837000.000000,  45097.318423620854,-355991.888709621038,-184636.240051358473,      1.022726985610,     -0.162866297654,     -0.028057856685
   840000.000000,  48162.430517044777,-356470.727369780245,-184715.466261305613,      1.020673134602,     -0.156364405533,     -0.024762776741
   843000.000000,  51221.309834273416,-356930.104785609175,-184784.835690406442,      1.018571886475,     -0.149892155749,     -0.021486675187
   846000.000000,  54273.814946466366,-357370.110066207068,-184844.405322283710,      1.016423748752,     -0.143449667455,     -0.018229583283
   849000.000000,  57319.805939827304,-357790.832658168394,-184894.232225052343,      1.014229223896,     -0.137037046560,     -0.014991526130
   852000.000000,  60359.144400052821,-358192.362306421506,-184934.373533154227,      1.011988809066,     -0.130654386104,     -0.011772522876
   855000.000000,  63391.693396061695,-358574.789016169030,-184964.886429778417,      1.009702995882,     -0.124301766622,     -0.008572586905
   858000.000000,  66417.317463048152,-358938.203015897947,-184985.828129851288,      1.007372270204,     -0.117979256493,     -0.005391726021
   861000.000000,  69435.882584901192,-359282.694721430307,-184997.255863580358,      1.004997111936,     -0.111686912285,     -0.002229942637
   864000.000000,  72447.256176030060,-359608.354700984492,-184999.226860536670,      1.002577994824,     -0.105424779082,      0.000912766054
   867000.000000,  75451.307062633947,-359915.273641217209,-184991.798334260413,      1.000115386285,     -0.099192890812,      0.004036407905
   870000.000000,  78447.905463452233,-360203.542314218357,-184975.027467374661,      0.997609747236,     -0.092991270553,      0.007140995647
   873000.000000,  81436.922970029918,-360473.251545429055,-184948.971397192188,      0.995061531939,     -0.086819930845,      0.010226546729
   876000.000000,  84418.232526531094,-360724.492182455142,-184913.687201800552,      0.992471187855,     -0.080678873973,      0.013293083160
   879000.000000,  87391.708409131825,-360957.355064746924,-184869.231886609719,      0.989839155508,     -0.074568092260,      0.016340631357
   882000.000000,  90357.226205022569,-361171.930994117749,-184815.662371347717,      0.987165868364,     -0.068487568337,      0.019369222001
   885000.000000,  93314.662791048802,-361368.310706072778,-184753.035477488855,      0.984451752709,     -0.062437275412,      0.022378889891
   888000.000000,  96263.896312017343,-361546.584841920238,-184681.407916099182,      0.981697227547,     -0.056417177521,      0.025369673811
   891000.000000,  99204.806158695297,-361706.843921637395,-184600.836276084709,      0.978902704499,     -0.050427229780,      0.028341616395
   894000.000000, 102137.272945526798,-361849.178317463608,-184511.377012827317,      0.976068587714,     -0.044467378621,      0.031294764003
   897000.000000, 105061.178488092759,-361973.678228194360,-184413.086437194172,      0.973195273788,     -0.038537562020,      0.034229166600
   900000.000000, 107976.405780336863,-362080.433654148423,-184306.020704906521,      0.970283151688,     -0.032637709718,      0.037144877632
   903000.000000, 110882.838971581223,-362169.534372783615,-184190.235806254786,      0.967332602689,     -0.026767743436,      0.040041953921
   906000.000000, 113780.363343353121,-362241.069914934866,-184065.787556146068,      0.964344000311,     -0.020927577071,      0.042920455550
   909000.000000, 116668.865286043743,-362295.129541649891,-183932.731584471971,      0.961317710268,     -0.015117116899,      0.045780445763
   912000.000000, 119548.232275418894,-362331.802221598395,-183791.123326783767,      0.958254090421,     -0.009336261756,      0.048621990860
   915000.000000, 122418.352848999930,-362351.176609030226,-183641.018015262525,      0.955153490740,     -0.003584903222,      0.051445160104
   918000.000000, 125279.116582333168,-362353.341022258683,-183482.470669971779,      0.952016253267,      0.002137074213,      0.054250025629
   921000.000000, 128130.414065163975,-362338.383422645391,-183315.536090379668,      0.948842712089,      0.007829792980,      0.057036662352
   924000.000000, 130972.136877532263,-362306.391394063190,-183140.268847138708,      0.945633193311,      0.013493382282,      0.059805147885
   927000.000000, 133804.177565804246,-362257.452122812509,-182956.723274109303,      0.942388015042,      0.019127977941,      0.062555562464
   930000.000000, 136626.429618656024,-362191.652377968829,-182764.953460615041,      0.939107487378,      0.024733722261,      0.065287988866
   933000.000000, 139438.787443023466,-362109.078492136439,-182565.013243916386,      0.935791912396,      0.030310763898,      0.068002512345
   936000.000000, 142241.146340032632,-362009.816342586535,-182356.956201890280,      0.932441584146,      0.035859257732,      0.070699220558
   939000.000000, 145033.402480925695,-361893.951332755154,-182140.835645903368,      0.929056788655,      0.041379364754,      0.073378203511
   942000.000000, 147815.452882995509,-361761.568374080060,-181916.704613866663,      0.925637803931,      0.046871251954,      0.076039553494
   945000.000000, 150587.195385543630,-361612.751868153224,-181684.615863459767,      0.922184899974,      0.052335092223,      0.078683365028
   948000.000000, 153348.528625874693,-361447.585689167434,-181444.621865513560,      0.918698338788,      0.057771064255,      0.081309734817
   951000.000000, 156099.352015340613,-361266.153166636592,-181196.774797539489,      0.915178374405,      0.063179352461,      0.083918761695
   954000.000000, 158839.565715448087,-361068.537068368110,-180941.126537395205,      0.911625252901,      0.068560146887,      0.086510546590
   957000.000000, 161569.070614041673,-360854.819583667151,-180677.728657074884,      0.908039212429,      0.073913643144,      0.089085192477
   960000.000000, 164287.768301575037,-360625.082306753262,-180406.632416613778,      0.904420483248,      0.079240042334,      0.091642804348
   963000.000000, 166995.561047482915,-360379.406220368284,-180127.888758095738,      0.900769287759,      0.084539550997,      0.094183489174
   966000.000000, 169692.351776666066,-360117.871679557138,-179841.548299752583,      0.897085840546,      0.089812381051,      0.096707355880
   969000.000000, 172378.044046100898,-359840.558395600470,-179547.661330144445,      0.893370348417,      0.095058749745,      0.099214515319
   972000.000000, 175052.542021586676,-359547.545420080773,-179246.277802409109,      0.889623010453,      0.100278879622,      0.101705080250
   975000.000000, 177715.750454642752,-359238.911129061831,-178937.447328569746,      0.885844018061,      0.105472998481,      0.104179165320
   978000.000000, 180367.574659568403,-358914.733207362122,-178621.219173888938,      0.882033555032,      0.110641339348,      0.106636887053
   981000.000000, 183007.920490679127,-358575.088632903935,-178297.642251258279,      0.878191797597,      0.115784140458,      0.109078363840
   984000.000000, 185636.694319732604,-358220.053661118436,-177966.765115611663,      0.874318914497,      0.120901645236,      0.111503715927
   987000.000000, 188253.803013559722,-357849.703809388739,-177628.635958352097,      0.870415067052,      0.125994102287,      0.113913065421
   990000.000000, 190859.153911914851,-357464.113841514278,-177283.302601780655,      0.866480409237,      0.131061765394,      0.116306536284
   993000.000000, 193452.654805561528,-357063.357752176933,-176930.812493517558,      0.862515087764,      0.136104893521,      0.118684254341
   996000.000000, 196034.213914609456,-356647.508751395391,-176571.212700904871,      0.858519242167,      0.141123750815,      0.121046347289
   999000.000000, 198603.739867119904,-356216.639248949068,-176204.549905381253,      0.854493004895,      0.146118606622,      0.123392944702
  1002000.000000, 201161.141677996144,-355770.820838758431,-175830.870396818151,      0.850436501411,      0.151089735507,      0.125724178053
  1005000.000000, 203706.328728177090,-355310.124283205660,-175450.220067808317,      0.846349850293,      0.156037417268,      0.128040180725
  1008000.000000, 206239.210744152369,-354834.619497382489,-175062.644407895801,      0.842233163350,      0.160961936972,      0.130341088037
  1011000.000000, 208759.697777817404,-354344.375533250102,-174668.188497738214,      0.838086545730,      0.165863584978,      0.132627037265
  1014000.000000, 211267.700186688773,-353839.460563699366,-174266.897003190301,      0.833910096053,      0.170742656979,      0.134898167674
  1017000.000000, 213763.128614500136,-353319.941866497044,-173858.814169299090,      0.829703906533,      0.175599454039,      0.137154620544
  1020000.000000, 216245.893972200574,-352785.885808106337,-173443.983814200270,      0.825468063123,      0.180434282638,      0.139396539208
  1023000.000000, 218715.907419378491,-352237.357827370113,-173022.449322905653,      0.821202645655,      0.185247454718,      0.141624069088
  1026000.000000, 221173.080346134986,-351674.422419045470,-172594.253640972223,      0.816907727998,      0.190039287736,      0.143837357739
  1029000.000000, 223617.324355432793,-351097.143117180269,-172159.439268042886,      0.812583378219,      0.194810104716,      0.146036554891
  1032000.000000, 226048.551245947165,-350505.582478322438,-171718.048251250264,      0.808229658756,      0.199560234311,      0.148221812495
  1035000.000000, 228466.672995447763,-349899.802064554999,-171270.122178474703,      0.803846626598,      0.204290010856,      0.150393284776
  1038000.000000, 230871.601744740561,-349279.862426350417,-170815.702171448414,      0.799434333479,      0.208999774432,      0.152551128284
  1041000.000000, 233263.249782200874,-348645.823085239565,-170354.828878697765,      0.794992826079,      0.213689870929,      0.154695501948
  1044000.000000, 235641.529528930143,-347997.742516292725,-169887.542468316766,      0.790522146240,      0.218360652108,      0.156826567138
  1047000.000000, 238006.353524569568,-347335.678130410379,-169413.882620564546,      0.786022331185,      0.223012475666,      0.158944487718
  1050000.000000, 240357.634413805470,-346659.686256424349,-168933.888520280074,      0.781493413760,      0.227645705296,      0.161049430114
  1053000.000000, 242695.284933602525,-345969.822123010876,-168447.598849108297,      0.776935422681,      0.232260710752,      0.163141563373
  1056000.000000, 245019.217901202210,-345266.139840418822,-167955.051777531742,      0.772348382794,      0.236857867908,      0.165221059234
  1059000.000000, 247329.346202925255,-344548.692382018548,-167456.284956701798,      0.767732315354,      0.241437558818,      0.167288092191
  1062000.000000, 249625.582783818536,-343817.531565678597,-166951.335510065896,      0.763087238306,      0.246000171771,      0.169342839564
  1065000.000000, 251907.840638187656,-343072.708034979354,-166440.240024785249,      0.758413166595,      0.250546101347,      0.171385481569
  1068000.000000, 254176.032801059046,-342314.271240275237,-165923.034542940761,      0.753710112477,      0.255075748457,      0.173416201388
  1071000.000000, 256430.072340615821,-341542.269419619406,-165399.754552524246,      0.748978085857,      0.259589520397,      0.175435185244
  1074000.000000, 258669.872351654252,-340756.749579568394,-164870.434978213656,      0.744217094633,      0.264087830876,      0.177442622469
  1077000.000000, 260895.345950108313,-339957.757475885504,-164335.110171932349,      0.739427145060,      0.268571100050,      0.179438705579
  1080000.000000, 263106.406268691528,-339145.337594166573,-163793.813903193397,      0.734608242134,      0.273039754544,      0.181423630344
  1083000.000000, 265302.966453706496,-338319.533130415366,-163246.579349231644,      0.729760389987,      0.277494227462,      0.183397595858
  1086000.000000, 267484.939663073455,-337480.385971596930,-162693.439084927668,      0.724883592301,      0.281934958393,      0.185360804606
  1089000.000000, 269652.239065629605,-336627.936676205136,-162134.425072529062,      0.719977852746,      0.286362393392,      0.187313462537
  1092000.000000, 271804.777841752104,-335762.224454880634,-161569.568651176232,      0.715043175423,      0.290776984968,      0.189255779118
  1095000.000000, 273942.469185357855,-334883.287151122116,-160998.900526241545,      0.710079565336,      0.295179192032,      0.191187967402
  1098000.000000, 276065.226307332166,-333991.161222136929,-160422.450758491876,      0.705087028876,      0.299569479856,      0.193110244083
  1101000.000000, 278172.962440439907,-333085.881719880621,-159840.248753087188,      0.700065574323,      0.303948319991,      0.195022829547
  1104000.000000, 280265.590845771600,-332167.482272341149,-159252.323248428438,      0.695015212369,      0.308316190179,      0.196925947921
  1107000.000000, 282343.024820775958,-331235.995065125404,-158658.702304871491,      0.689935956653,      0.312673574245,      0.198819827114
  1110000.000000, 284405.177708930569,-330291.450823413441,-158059.413293325051,      0.684827824315,      0.317020961959,      0.200704698855
  1113000.000000, 286451.962911100534,-329333.878794347809,-157454.482883753226,      0.679690836569,      0.321358848881,      0.202580798715
  1116000.000000, 288483.293898634263,-328363.306729931908,-156843.937033606431,      0.674525019289,      0.325687736177,      0.204448366134
  1119000.000000, 290499.084228242515,-327379.760870517173,-156227.800976206403,      0.669330403612,      0.330008130412,      0.206307644426
  1122000.000000, 292499.247558705451,-326383.265928962326,-155606.099209114705,      0.664107026551,      0.334320543307,      0.208158880783
  1125000.000000, 294483.697669450135,-325373.845075556019,-154978.855482516461,      0.658854931630,      0.338625491473,      0.210002326261
  1128000.000000, 296452.348481034627,-324351.519923796528,-154346.092787655245,      0.653574169520,      0.342923496107,      0.211838235760
  1131000.000000, 298405.114077573991,-323316.310517131351,-153707.833345356310,      0.648264798697,      0.347215082653,      0.213666867985
  1134000.000000, 300341.908731136995,-322268.235316762060,-153064.098594681011,      0.642926886099,      0.351500780432,      0.215488485397
  1137000.000000, 302262.646928135888,-321207.311190625594,-152414.909181755938,      0.637560507795,      0.355781122227,      0.217303354147
  1140000.000000, 304167.243397727900,-320133.553403670026,-151760.284948825545,      0.632165749659,      0.360056643836,      0.219111743989
  1143000.000000, 306055.613142237416,-319046.975609544257,-151100.244923578924,      0.626742708041,      0.364327883576,      0.220913928187
  1146000.000000, 307927.671469602210,-317947.589843828930,-150434.807308805204,      0.621291490445,      0.368595381749,      0.222710183391
  1149000.000000, 309783.334027837322,-316835.406518937380,-149763.989472434798,      0.615812216196,      0.372859680063,      0.224500789497
  1152000.000000, 311622.516841502569,-315710.434420820209,-149087.807938027894,      0.610305017109,      0.377121321012,      0.226286029494
  1155000.000000, 313445.136350148008,-314572.680707609747,-148406.278375773021,      0.604770038138,      0.381380847198,      0.228066189277
  1158000.000000, 315251.109448703472,-313422.150910344149,-147719.415594063641,      0.599207438020,      0.385638800625,      0.229841557444
  1161000.000000, 317040.353529764572,-312258.848935911315,-147027.233531721897,      0.593617389898,      0.389895721926,      0.231612425071
  1164000.000000, 318812.786527718417,-311082.777072356374,-146329.745250942797,      0.588000081922,      0.394152149556,      0.233379085457
  1167000.000000, 320568.326964637323,-309893.935996694665,-145626.962931034272,      0.582355717825,      0.398408618933,      0.235141833845
  1170000.000000, 322306.893997856299,-308692.324785375211,-144918.897863030725,      0.576684517471,      0.402665661529,      0.236900967121
  1173000.000000, 324028.407469136873,-307477.940927534655,-144205.560445260489,      0.570986717362,      0.406923803916,      0.238656783479
  1176000.000000, 325732.787955303327,-306250.780341183709,-143486.960179948277,      0.565262571113,      0.411183566768,      0.240409582065
  1179000.000000, 327419.956820223655,-305010.837392461137,-142763.105670935969,      0.559512349871,      0.415445463816,      0.242159662589
  1182000.000000, 329089.836267990118,-303758.104918088182,-142034.004622604756,      0.553736342697,      0.419710000757,      0.243907324911
  1185000.000000, 330742.349397140439,-302492.574251149083,-141299.663840082387,      0.547934856875,      0.423977674125,      0.245652868596
  1188000.000000, 332377.420255741221,-301214.235250315862,-140560.089230818499,      0.542108218177,      0.428248970130,      0.247396592450
  1191000.000000, 333994.973897141230,-299923.076332627621,-139815.285807609966,      0.536256771045,      0.432524363450,      0.249138794018
  1194000.000000, 335594.936436185031,-298619.084509922075,-139065.257693156193,      0.530380878714,      0.436804315998,      0.250879769063
  1197000.000000, 337177.235105660977,-297302.245429007802,-138310.008126222325,      0.524480923245,      0.441089275668,      0.252619811019
  1200000.000000, 338741.798312742729,-295972.543415649096,-137549.539469484793,      0.518557305486,      0.445379675049,      0.254359210414
  1203000.000000, 340288.555695169198,-294629.961522422847,-136783.853219130368,      0.512610444936,      0.449675930125,      0.256098254278
  1206000.000000, 341817.438176891999,-293274.481580489897,-136012.950016274001,      0.506640779525,      0.453978438970,      0.257837225525
  1209000.000000, 343328.378022908291,-291906.084255304071,-135236.829660257674,      0.500648765293,      0.458287580429,      0.259576402315
  1212000.000000, 344821.308892984409,-290524.749106265430,-134455.491123883519,      0.494634875968,      0.462603712809,      0.261316057404
  1215000.000000, 346296.165893964644,-289130.454650301603,-133668.932570629782,      0.488599602444,      0.466927172568,      0.263056457473
  1218000.000000, 347752.885630351375,-287723.178429340769,-132877.151373888570,      0.482543452151,      0.471258273033,      0.264797862451
  1221000.000000, 349191.406252834888,-286302.897081616917,-132080.144138256728,      0.476466948320,      0.475597303132,      0.266540524825
  1224000.000000, 350611.667504446406,-284869.586416722508,-131277.906722900429,      0.470370629131,      0.479944526163,      0.268284688945
  1227000.000000, 352013.610764005047,-283423.221494302619,-130470.434267005156,      0.464255046759,      0.484300178598,      0.270030590331
  1230000.000000, 353397.179086526914,-281963.776706254575,-129657.721217309809,      0.458120766307,      0.488664468944,      0.271778454980
  1233000.000000, 354762.317240269971,-280491.225862275634,-128839.761357713796,      0.451968364628,      0.493037576651,      0.273528498675
  1236000.000000, 356108.971740088600,-279005.542278573383,-128016.547840932340,      0.445798429045,      0.497419651098,      0.275280926310
  1239000.000000, 357437.090876782720,-277506.698869527085,-127188.073222163279,      0.439611555959,      0.501810810642,      0.277035931227
  1242000.000000, 358746.624742135115,-275994.668242065003,-126354.329494715654,      0.433408349367,      0.506211141755,      0.278793694571
  1245000.000000, 360037.525249344064,-274469.422792496684,-125515.308127536875,      0.427189419279,      0.510620698257,      0.280554384669
  1248000.000000, 361309.746148575330,-272930.934805515630,-124671.000104562860,      0.420955380044,      0.515039500636,      0.282318156439
  1251000.000000, 362563.243037376611,-271379.176555067184,-123821.395965801566,      0.414706848602,      0.519467535483,      0.284085150825
  1254000.000000, 363797.973365720070,-269814.120406753791,-122966.485850048688,      0.408444442654,      0.523904755036,      0.285855494274
  1257000.000000, 365013.896435463452,-268235.738921434444,-122106.259539120918,      0.402168778768,      0.528351076840,      0.287629298246
  1260000.000000, 366210.973394047411,-266644.004959655460,-121240.706503480949,      0.395880470435,      0.532806383533,      0.289406658781
  1263000.000000, 367389.167222277494,-265038.891786539927,-120369.815949116732,      0.389580126072,      0.537270522755,      0.291187656095
  1266000.000000, 368548.442716070218,-263420.373176748690,-119493.576865527124,      0.383268346996,      0.541743307192,      0.292972354244
  1269000.000000, 369688.766462075873,-261788.423519120464,-118611.978074656756,      0.376945725370,      0.546224514746,      0.294760800832
  1272000.000000, 370810.106807127886,-260143.017920591548,-117725.008280613678,      0.370612842141,      0.550713888845,      0.296553026779
  1275000.000000, 371912.433821501676,-258484.132308995147,-116832.656119996667,      0.364270264981,      0.555211138882,      0.298349046147
  1278000.000000, 372995.719256006589,-256811.743534340669,-115934.910212652379,      0.357918546235,      0.559715940786,      0.300148856028
  1281000.000000, 374059.936492968234,-255125.829468178476,-115031.759212678371,      0.351558220901,      0.564227937727,      0.301952436493
  1284000.000000, 375105.060491200769,-253426.369100663083,-114123.191859484330,      0.345189804646,      0.568746740949,      0.303759750604
  1287000.000000, 376131.067725102243,-251713.342634939880,-113209.197028722774,      0.338813791876,      0.573271930717,      0.305570744488
  1290000.000000, 377137.936118044658,-249986.731578494597,-112289.763782900249,      0.332430653862,      0.577803057393,      0.307385347476
  1293000.000000, 378125.644970267080,-248246.518831122667,-111364.881421481783,      0.326040836952,      0.582339642614,      0.309203472304
  1296000.000000, 379094.174881511601,-246492.688769197499,-110434.539530304741,      0.319644760856,      0.586881180580,      0.311025015370
  1299000.000000, 380043.507668677077,-244725.227325938933,-109498.728030123297,      0.313242817041,      0.591427139431,      0.312849857055
  1302000.000000, 380973.626278793090,-242944.122067411197,-108557.437224110690,      0.306835367221,      0.595976962715,      0.314677862099
  1305000.000000, 381884.514697645034,-241149.362264007214,-107610.657844154426,      0.300422741963,      0.600530070927,      0.316508880028
  1308000.000000, 382776.157854404591,-239340.938957206614,-106658.381095789053,      0.294005239421,      0.605085863121,      0.318342745636
  1311000.000000, 383648.541522641724,-237518.845021427493,-105700.598701620620,      0.287583124196,      0.609643718566,      0.320179279506
  1314000.000000, 384501.652218110627,-235683.075220824103,-104737.302943109084,      0.281156626320,      0.614202998454,      0.322018288584
  1317000.000000, 385335.477093717549,-233833.626260917110,-103768.486700586582,      0.274725940394,      0.618763047641,      0.323859566780
  1320000.000000, 386150.003832087968,-231970.496834976831,-102794.143491403040,      0.268291224855,      0.623323196400,      0.325702895613
  1323000.000000, 386945.220536157256,-230093.687665114441,-101814.267506104108,      0.261852601386,      0.627882762192,      0.327548044882
  1326000.000000, 387721.115618213953,-228203.201538069377,-100828.853642560527,      0.255410154477,      0.632441051430,      0.329394773357
  1329000.000000, 388477.677687823016,-226299.043335714814, -99837.897537982979,      0.248963931117,      0.636997361236,      0.331242829493
  1332000.000000, 389214.895439053711,-224381.220060334657, -98841.395598771036,      0.242513940638,      0.641550981167,      0.333091952165
  1335000.000000, 389932.757537430793,-222449.740854756878, -97839.345028159572,      0.236060154686,      0.646101194915,      0.334941871400
  1338000.000000, 390631.252507017576,-220504.617017456912, -96831.743851641208,      0.229602507336,      0.650647281963,      0.336792309121
  1341000.000000, 391310.368618026783,-218545.862012772413, -95818.590940157301,      0.223140895331,      0.655188519182,      0.338642979897
  1344000.000000, 391970.093775341287,-216573.491476396768, -94799.886031064219,      0.216675178446,      0.659724182382,      0.340493591672
  1347000.000000, 392610.415408309083,-214587.523216341302, -93775.629746895444,      0.210205179971,      0.664253547782,      0.342343846504
  1350000.000000, 393231.320362156490,-212587.977209578239, -92745.823611952466,      0.203730687310,      0.668775893415,      0.344193441275
  1353000.000000, 393832.794791344204,-210574.875594594370, -91710.470066769369,      0.197251452675,      0.673290500452,      0.346042068396
  1356000.000000, 394414.824055166158,-208548.242660102260, -90669.572480507530,      0.190767193882,      0.677796654438,      0.347889416482
  1359000.000000, 394977.392615868361,-206508.104830168013, -89623.135161346509,      0.184277595236,      0.682293646443,      0.349735171014
  1362000.000000, 395520.483939539641,-204454.490646027320, -88571.163364946493,      0.177782308495,      0.686780774118,      0.351579014960
  1365000.000000, 396044.080399999511,-202387.430744867801, -87513.663301065710,      0.171280953900,      0.691257342665,      0.353420629383
  1368000.000000, 396548.163185884536,-200306.957835862675, -86450.642138423107,      0.164773121274,      0.695722665695,      0.355259694006
  1371000.000000, 397032.712211108010,-198213.106673743285, -85382.108007903036,      0.158258371175,      0.700176066010,      0.357095887748
  1374000.000000, 397497.706028841203,-196105.914030199347, -84308.070004203066,      0.151736236087,      0.704616876276,      0.358928889229
  1377000.000000, 397943.121749142942,-193985.418663394492, -83228.538186030666,      0.145206221659,      0.709044439600,      0.360758377230
  1380000.000000, 398368.934960336599,-191851.661285881768, -82143.523574957464,      0.138667807964,      0.713458110021,      0.362584031129
  1383000.000000, 398775.119654214359,-189704.684531199688, -81053.038153041765,      0.132120450790,      0.717857252901,      0.364405531287
  1386000.000000, 399161.648155123636,-187544.532919421588, -79957.094859331657,      0.125563582939,      0.722241245231,      0.366222559405
  1389000.000000, 399528.491052972095,-185371.252821925678, -78855.707585361262,      0.118996615534,      0.726609475847,      0.368034798840
  1392000.000000, 399875.617140167276,-183184.892425642378, -77748.891169752416,      0.112418939335,      0.730961345560,      0.369841934887
  1395000.000000, 400202.993352488207,-180985.501697026746, -76636.661392033013,      0.105829926049,      0.735296267211,      0.371643655019
  1398000.000000, 400510.584713871649,-178773.132345992548, -75519.034965781233,      0.099228929624,      0.739613665643,      0.373439649094
  1401000.000000, 400798.354285076668,-176547.837790032907, -74396.029531202701,      0.092615287538,      0.743912977604,      0.375229609527
  1404000.000000, 401066.263116181421,-174309.673118740146, -73267.663647244437,      0.085988322069,      0.748193651579,      0.377013231429
  1407000.000000, 401314.270202849817,-172058.695058924466, -72133.956783345900,      0.079347341535,      0.752455147562,      0.378790212710
  1410000.000000, 401542.332446296816,-169794.961940518173, -70994.929310923922,      0.072691641520,      0.756696936758,      0.380560254150
  1413000.000000, 401750.404616871499,-167518.533663438488, -69850.602494683699,      0.066020506060,      0.760918501242,      0.382323059449
  1416000.000000, 401938.439321167534,-165229.471665568475, -68700.998483843694,      0.059333208804,      0.765119333559,      0.384078335232
  1419000.000000, 402106.386972566077,-162927.838892002183, -67546.140303357883,      0.052629014147,      0.769298936278,      0.385825791045
  1422000.000000, 402254.195765109151,-160613.699765686935, -66386.051845213617,      0.045907178314,      0.773456821511,      0.387565139312
  1425000.000000, 402381.811650599993,-158287.120159582468, -65220.757859878962,      0.039166950427,      0.777592510381,      0.389296095276
  1428000.000000, 402489.178318822058,-155948.167370444309, -64050.283947968179,      0.032407573520,      0.781705532471,      0.391018376915
  1431000.000000, 402576.237180769211,-153596.910094326420, -62874.656552189314,      0.025628285525,      0.785795425233,      0.392731704836
  1434000.000000, 402642.927354778454,-151233.418403887103, -61693.902949633135,      0.018828320228,      0.789861733375,      0.394435802154
  1437000.000000, 402689.185655457142,-148857.763727570680, -60508.051244457565,      0.012006908173,      0.793904008223,      0.396130394352
  1440000.000000, 402714.946585299214,-146470.018830727699, -59317.130361017313,      0.005163277550,      0.797921807069,      0.397815209122
  1443000.000000, 402720.142328886548,-144070.257798726001, -58121.170037483462,     -0.001703344967,      0.801914692498,      0.399489976197
  1446000.000000, 402704.702749573218,-141658.556022096542, -56920.200819993457,     -0.008593733405,      0.805882231701,      0.401154427169
  1449000.000000, 402668.555388556852,-139234.990183747985, -55714.254057367005,     -0.015508661714,      0.809823995784,      0.402808295292
  1452000.000000, 402611.625466241385,-136799.638248277042, -54503.361896419468,     -0.022448903018,      0.813739559066,      0.404451315279
  1455000.000000, 402533.835885802575,-134352.579453392565, -53287.557277899839,     -0.029415228894,      0.817628498368,      0.406083223093
  1458000.000000, 402435.107238871686,-131893.894303464447, -52066.873933076458,     -0.036408408680,      0.821490392310,      0.407703755720
  1461000.000000, 402315.357813257724,-129423.664565201703, -50841.346380989853,     -0.043429208812,      0.825324820595,      0.409312650955
  1464000.000000, 402174.503602634941,-126941.973265457331, -49611.009926388440,     -0.050478392171,      0.829131363306,      0.410909647160
  1467000.000000, 402012.458318129822,-124448.904691151882, -48375.900658359496,     -0.057556717472,      0.832909600198,      0.412494483040
  1470000.000000, 401829.133401745581,-121944.544391302508, -47136.055449664651,     -0.064664938651,      0.836659110001,      0.414066897401
  1473000.000000, 401624.438041572750,-119428.979181139686, -45891.511956786118,     -0.071803804283,      0.840379469729,      0.415626628917
  1476000.000000, 401398.279188739485,-116902.297148289348, -44642.308620687145,     -0.078974057007,      0.844070253992,      0.417173415888
  1479000.000000, 401150.561576063221,-114364.587660994875, -43388.484668287325,     -0.086176432965,      0.847731034322,      0.418706996002
  1482000.000000, 400881.187738372304,-111815.941378349860, -42130.080114651108,     -0.093411661249,      0.851361378511,      0.420227106102
  1485000.000000, 400590.058034474379,-109256.450262509927, -40867.135765885054,     -0.100680463357,      0.854960849951,      0.421733481946
  1488000.000000, 400277.070670753892,-106686.207592849023, -39599.693222737304,     -0.107983552651,      0.858529006997,      0.423225857975
  1491000.000000, 399942.121726390964,-104105.307982023194, -38327.794884890383,     -0.115321633815,      0.862065402337,      0.424703967088
  1494000.000000, 399585.105180197570,-101513.847393903052, -37051.483955936106,     -0.122695402320,      0.865569582372,      0.426167540409
  1497000.000000, 399205.912939076894, -98911.923163333253, -35770.804449019502,     -0.130105543877,      0.869041086618,      0.427616307074
  1500000.000000, 398804.434868116688, -96299.634017675970, -34485.801193136620,     -0.137552733892,      0.872479447117,      0.429049994013
  1503000.000000, 398380.558822336316, -93677.080100092964, -33196.519840068933,     -0.145037636913,      0.875884187868,      0.430468325738
  1506000.000000, 397934.170680112613, -91044.362994519193, -31903.006871935468,     -0.152560906059,      0.879254824265,      0.431871024144
  1509000.000000, 397465.154378317937, -88401.585752278595, -30605.309609341974,     -0.160123182449,      0.882590862565,      0.433257808313
  1512000.000000, 396973.391949210840, -85748.852920291582, -29303.476220104512,     -0.167725094607,      0.885891799363,      0.434628394327
  1515000.000000, 396458.763559128391, -83086.270570821303, -27997.555728523515,     -0.175367257853,      0.889157121086,      0.435982495085
  1518000.000000, 395921.147549034446, -80413.946332704785, -26687.598025182357,     -0.183050273676,      0.892386303510,      0.437319820138
  1521000.000000, 395360.420476989006, -77731.989424013023, -25373.653877243119,     -0.190774729079,      0.895578811295,      0.438640075523
  1524000.000000, 394776.457162609731, -75040.510686083158, -24055.774939210372,     -0.198541195905,      0.898734097531,      0.439942963616
  1527000.000000, 394169.130733604077, -72339.622618863999, -22734.013764132054,     -0.206350230132,      0.901851603316,      0.441228182991
  1530000.000000, 393538.312674460292, -69629.439417515387, -21408.423815204831,     -0.214202371137,      0.904930757346,      0.442495428288
  1533000.000000, 392883.872877390182, -66910.077010199762, -20079.059477749302,     -0.222098140929,      0.907970975527,      0.443744390099
  1536000.000000, 392205.679695625557, -64181.653097003080, -18745.976071518486,     -0.230038043349,      0.910971660610,      0.444974754860
  1539000.000000, 391503.599999177211, -61444.287189920171, -17409.229863300967,     -0.238022563227,      0.913932201851,      0.446186204764
  1542000.000000, 390777.499233170936, -58698.100653837319, -16068.878079777916,     -0.246052165506,      0.916851974682,      0.447378417678
  1545000.000000, 390027.241478884011, -55943.216748442333, -14724.978920591042,     -0.254127294318,      0.919730340421,      0.448551067085
  1548000.000000, 389252.689517611929, -53179.760670989548, -13377.591571576166,     -0.262248372021,      0.922566645996,      0.449703822034
  1551000.000000, 388453.704897501855, -50407.859599843905, -12026.776218114841,     -0.270415798184,      0.925360223700,      0.450836347107
  1554000.000000, 387630.148003499489, -47627.642738725124, -10672.594058553948,     -0.278629948524,      0.928110390969,      0.451948302411
  1557000.000000, 386781.878130561381, -44839.241361569264,  -9315.107317640661,     -0.286891173791,      0.930816450193,      0.453039343575
  1560000.000000, 385908.753560296318, -42042.788857921376,  -7954.379259917469,     -0.295199798602,      0.933477688552,      0.454109121778
  1563000.000000, 385010.631641204236, -39238.420778769323,  -6590.474203019172,     -0.303556120203,      0.936093377885,      0.455157283789
  1566000.000000, 384087.368872693856, -36426.274882724618,  -5223.457530810704,     -0.311960407188,      0.938662774589,      0.456183472031
  1569000.000000, 383138.820993066474, -33606.491182452555,  -3853.395706301581,     -0.320412898137,      0.941185119557,      0.457187324667
  1572000.000000, 382164.843071662763, -30779.211991249180,  -2480.356284269354,     -0.328913800200,      0.943659638140,      0.458168475709
  1575000.000000, 381165.289605378523, -27944.581969658451,  -1104.407923521042,     -0.337463287603,      0.946085540159,      0.459126555150
  1578000.000000, 380140.014619763941, -25102.748172018106,    274.379601282168,     -0.346061500084,      0.948462019941,      0.460061189122
  1581000.000000, 379088.871774929750, -22253.860092817595,   1655.935388315453,     -0.354708541251,      0.950788256408,      0.460972000084
  1584000.000000, 378011.714476491266, -19398.069712746106,   3040.187397878535,     -0.363404476865,      0.953063413196,      0.461858607032
  1587000.000000, 376908.395991792029, -16535.531544302947,   4427.062442367986,     -0.372149333041,      0.955286638827,      0.462720625743
  1590000.000000, 375778.769571655022, -13666.402676836364,   5816.486177024304,     -0.380943094357,      0.957457066919,      0.463557669052
  1593000.000000, 374622.688577921595, -10790.842820870581,   7208.383091548661,     -0.389785701884,      0.959573816451,      0.464369347152
  1596000.000000, 373440.006617043808,  -7909.014351573955,   8602.676502688613,     -0.398677051127,      0.961635992072,      0.465155267940
  1599000.000000, 372230.577680008020,  -5021.082351214362,   9999.288547896474,     -0.407616989857,      0.963642684465,      0.465915037387
  1602000.000000, 370994.256288877223,  -2127.214650440661,  11398.140180168641,     -0.416605315867,      0.965592970766,      0.466648259957
  1605000.000000, 369730.897650247440,    772.418131778005,  12799.151164178722,     -0.425641774609,      0.967485915044,      0.467354539050
  1608000.000000, 368440.357815926778,   3677.642549730442,  14202.240073821989,     -0.434726056736,      0.969320568830,      0.468033477497
  1611000.000000, 367122.493851154228,   6588.282294241581,  15607.324291293393,     -0.443857795538,      0.971095971722,      0.468684678094
  1614000.000000, 365777.164010685694,   9504.158157839689,  17014.320007826042,     -0.453036564258,      0.972811152040,      0.469307744170
  1617000.000000, 364404.227923086204,  12425.088002008206,  18423.142226221644,     -0.462261873305,      0.974465127560,      0.469902280215
  1620000.000000, 363003.546783575730,  15350.886726723886,  19833.704765308954,     -0.471533167339,      0.976056906308,      0.470467892539
  1623000.000000, 361574.983555785730,  18281.366242488766,  21245.920266470483,     -0.480849822243,      0.977585487425,      0.471004189990
  1626000.000000, 360118.403182792186,  21216.335445068769,  22659.700202381755,     -0.490211141968,      0.979049862107,      0.471510784713
  1629000.000000, 358633.672807799070,  24155.600193156897,  24074.954888110973,     -0.499616355253,      0.980449014619,      0.471987292965
  1632000.000000, 357120.662004853948,  27098.963289183408,  25491.593494730052,     -0.509064612219,      0.981781923375,      0.472433335973
  1635000.000000, 355579.243019983405,  30046.224463499275,  26909.524065590602,     -0.518554980825,      0.983047562108,      0.472848540852
  1638000.000000, 354009.291023144382,  32997.180362162493,  28328.653535420290,     -0.528086443202,      0.984244901102,      0.473232541571
  1641000.000000, 352410.684371391311,  35951.624538558637,  29748.887752396160,     -0.537657891841,      0.985372908518,      0.473584979968
  1644000.000000, 350783.304883666511,  38909.347449087996,  31170.131503351855,     -0.547268125657,      0.986430551777,      0.473905506825
  1647000.000000, 349127.038127624081,  41870.136453150633,  32592.288542274848,     -0.556915845903,      0.987416799042,      0.474193782987
  1650000.000000, 347441.773718902608,  44833.775817657821,  34015.261622247883,     -0.566599651954,      0.988330620755,      0.474449480539
  1653000.000000, 345727.405633263174,  47800.046726293062,  35438.952530985647,     -0.576318036950,      0.989170991265,      0.474672284026
  1656000.000000, 343983.832532009401,  50768.727293738280,  36863.262130112635,     -0.586069383295,      0.989936890510,      0.474861891724
  1659000.000000, 342210.958101105585,  53739.592585070059,  38288.090398321547,     -0.595851958026,      0.990627305778,      0.475018016959
  1662000.000000, 340408.691404402605,  56712.414640516770,  39713.336478542631,     -0.605663908042,      0.991241233524,      0.475140389461
  1665000.000000, 338576.947251375590,  59686.962505750176,  41138.898729243090,     -0.615503255201,      0.991777681238,      0.475228756759
  1668000.000000, 336715.646579764609,  62663.002267863674,  42564.674779961657,     -0.625367891286,      0.992235669367,      0.475282885611
  1671000.000000, 334824.716853497026,  65640.297097163711,  43990.561591166355,     -0.635255572853,      0.992614233269,      0.475302563457
  1674000.000000, 332904.092476246937,  68618.607294870613,  45416.455518502931,     -0.645163915960,      0.992912425193,      0.475287599889
  1677000.000000, 330953.715220966958,  71597.690346789750,  46842.252381477178,     -0.655090390793,      0.993129316280,      0.475237828135
  1680000.000000, 328973.534675693954,  74577.300982973014,  48267.847536585978,     -0.665032316191,      0.993263998552,      0.475153106541
  1683000.000000, 326963.508705895336,  77557.191243343943,  49693.135954878984,     -0.674986854096,      0.993315586894,      0.475033320039
  1686000.000000, 324923.603933579172,  80537.110549206220,  51118.012303894960,     -0.684951003932,      0.993283220995,      0.474878381594
  1689000.000000, 322853.796233337838,  83516.805780495837,  52542.371033873897,     -0.694921596937,      0.993166067229,      0.474688233606
  1692000.000000, 320754.071245436731,  86496.021358569182,  53966.106468097183,     -0.704895290475,      0.992963320460,      0.474462849254
  1695000.000000, 318624.424905985768,  89474.499334244727,  55389.112897153391,     -0.714868562339,      0.992674205738,      0.474202233767
  1698000.000000, 316464.863994151354,  92451.979480732640,  56811.284676866228,     -0.724837705092,      0.992297979855,      0.473906425591
  1701000.000000, 314275.406696268357,  95428.199390994836,  58232.516329553284,     -0.734798820466,      0.991833932736,      0.473575497440
  1704000.000000, 312056.083186603093,  98402.894578978172,  59652.702648209262,     -0.744747813869,      0.991281388624,      0.473209557188
  1707000.000000, 309806.936224389588, 101375.798584054646,  61071.738803125081,     -0.754680389040,      0.990639707028,      0.472808748594
  1710000.000000, 307528.021766615973, 104346.643077885892,  62489.520450364565,     -0.764592042899,      0.989908283384,      0.472373251814
  1713000.000000, 305219.409595872799, 107315.157972804314,  63905.943841422937,     -0.774478060669,      0.989086549397,      0.471903283670
  1716000.000000, 302881.183962382784, 110281.071530672809,  65320.905933286638,     -0.784333511310,      0.988173973011,      0.471399097640
  1719000.000000, 300513.444239122909, 113244.110471047810,  66734.304498002210,     -0.794153243370,      0.987170057967,      0.470860983537
  1722000.000000, 298116.305588706397, 116204.000077329954,  68146.038230743769,     -0.803931881312,      0.986074342895,      0.470289266822
  1725000.000000, 295689.899640425923, 119160.464299444749,  69556.006855245156,     -0.813663822425,      0.984886399901,      0.469684307523
  1728000.000000, 293234.375175563095, 122113.225851453200,  70964.111225334796,     -0.823343234423,      0.983605832591,      0.469046498715
  1731000.000000, 290749.898818740505, 125062.006302354755,  72370.253421181784,     -0.832964053837,      0.982232273503,      0.468376264507
  1734000.000000, 288236.655732732499, 128006.526158212771,  73774.336838730538,     -0.842519985339,      0.980765380884,      0.467674057503
  1737000.000000, 285694.850313758128, 130946.504933613469,  75176.266270673790,     -0.852004502121,      0.979204834794,      0.466940355697
  1740000.000000, 283124.706883854291, 133881.661210364284,  76575.947977190139,     -0.861410847486,      0.977550332490,      0.466175658747
  1743000.000000, 280526.470376468147, 136811.712681255187,  77973.289744558526,     -0.870732037805,      0.975801583083,      0.465380483611
  1746000.000000, 277900.407010919647, 139736.376176650432,  79368.200929660990,     -0.879960867012,      0.973958301432,      0.464555359500
  1749000.000000, 275246.804950868303, 142655.367671658867,  80760.592488301278,     -0.889089912800,      0.972020201305,      0.463700822134
  1752000.000000, 272565.974941377586, 145568.402271650237,  82150.376985207258,     -0.898111544722,      0.969986987785,      0.462817407273
  1755000.000000, 269858.250918614620, 148475.194173957338,  83537.468583553971,     -0.907017934370,      0.967858348993,      0.461905643529
  1758000.000000, 267123.990585654567, 151375.456603732106,  84921.783011848660,     -0.915801067822,      0.965633947148,      0.460966044468
  1761000.000000, 264363.575947296864, 154268.901722118753,  86303.237506066551,     -0.924452760548,      0.963313409065,      0.459999100017
  1764000.000000, 261577.413796249399, 157155.240505175141,  87681.750725022517,     -0.932964674957,      0.960896316178,      0.459005267217
  1767000.000000, 258765.936142517108, 160034.182592323661,  89057.242637116928,     -0.941328340743,      0.958382194222,      0.457984960399
  1770000.000000, 255929.600577361911, 162905.436103547137,  90429.634376809874,     -0.949535178177,      0.955770502748,      0.456938540848
  1773000.000000, 253068.890562797547, 165768.707425071101,  91798.848069463114,     -0.957576524473,      0.953060624633,      0.455866306064
  1776000.000000, 250184.315637275955, 168623.700963890675,  93164.806623548095,     -0.965443663310,      0.950251855836,      0.454768478772
  1779000.000000, 247276.411528030818, 171470.118872206367,  94527.433489654024,     -0.973127857542,      0.947343395629,      0.453645195809
  1782000.000000, 244345.740160498797, 174307.660743624205,  95886.652386243833,     -0.980620385090,      0.944334337587,      0.452496497099
  1785000.000000, 241392.889555366739, 177136.023283840739,  97242.386992696542,     -0.987912577952,      0.941223661642,      0.451322314907
  1788000.000000, 238418.473604119383, 179954.899959458882,  98594.560610836197,     -0.994995864163,      0.938010227502,      0.450122463617
  1791000.000000, 235423.131714514922, 182763.980629546510,  99943.095796872745,     -1.001861812502,      0.934692769782,      0.448896630271
  1794000.000000, 232407.528318213852, 185562.951165530481, 101287.913966455817,     -1.008502179628,      0.931269895151,      0.447644366150
  1797000.000000, 229372.352233849640, 188351.493065984803, 102628.934976352393,     -1.014908959239,      0.927740081831,      0.446365079655
  1800000.000000, 226318.315880166861, 191129.283073789615, 103966.076687081455,     -1.021074432777,      0.924101681728,      0.445058030777
  1803000.000000, 223246.154335465428, 193895.992803965550, 105299.254511649997,     -1.026991221085,      0.920352925453,      0.443722327403
  1806000.000000, 220156.624241471523, 196651.288391188777, 106628.380956305016,     -1.032652336345,      0.916491930453,      0.442356923726
  1809000.000000, 217050.502551884070, 199394.830166522413, 107953.365159916080,     -1.038051233559,      0.912516712376,      0.440960620957
  1812000.000000, 213928.585128191044, 202126.272373217857, 109274.112439199351,     -1.043181860748,      0.908425199755,      0.439532070532
  1815000.000000, 210791.685187864554, 204845.262931510864, 110590.523847455435,     -1.048038707021,      0.904215251979,      0.438069779930
  1818000.000000, 207640.631612670724, 207551.443262129294, 111902.495754788601,     -1.052616847615,      0.899884680432,      0.436572121184
  1821000.000000, 204476.267127499857, 210244.448177718587, 113209.919457877579,     -1.056911985026,      0.895431272586,      0.435037342064
  1824000.000000, 201299.446362755116, 212923.905850568699, 114512.680827256772,     -1.060920485367,      0.890852818715,      0.433463579880
  1827000.000000, 198111.033815848554, 215589.437863890635, 115810.659999726064,     -1.064639409145,      0.886147140800,      0.431848877735
  1830000.000000, 194911.901729652978, 218240.659352457238, 117103.731122932702,     -1.068066535732,      0.881312123105,      0.430191203008
  1833000.000000, 191702.927907759178, 220877.179236725788, 118391.762158364465,     -1.071200380934,      0.876345743816,      0.428488467756
  1836000.000000, 188484.993488011125, 223498.600552635093, 119674.614747972548,     -1.074040207174,      0.871246107069,      0.426738550663
  1839000.000000, 185258.980696964340, 226104.520877185307, 120952.144148432999,     -1.076586025987,      0.866011474653,      0.424939320107
  1842000.000000, 182025.770608580584, 228694.532847722498, 122224.199235690234,     -1.078838592694,      0.860640296656,      0.423088657868
  1845000.000000, 178786.240930600005, 231268.224770645931, 123490.622580949435,     -1.080799393299,      0.855131240314,      0.421184482964
  1848000.000000, 175541.263841602253, 233825.181313108129, 124751.250597746373,     -1.082470623857,      0.849483216379,      0.419224775113
  1851000.000000, 172291.703900790104, 236364.984269267152, 126005.913758177136,     -1.083855162706,      0.843695402351,      0.417207597299
  1854000.000000, 169038.416051033710, 238887.213390852005, 127254.436874869585,     -1.084956536170,      0.837767262036,      0.415131116951
  1857000.000000, 165782.243733748764, 241391.447270278382, 128496.639443878783,     -1.085778878432,      0.831698560957,      0.412993625309
  1860000.000000, 162524.017131823290, 243877.264263357007, 129732.336042434457,     -1.086326886445,      0.825489377290,      0.410793554573
  1863000.000000, 159264.551554131962, 246344.243437809317, 130961.336774403520,     -1.086605770792,      0.819140108111,      0.408529492513
  1866000.000000, 156004.645972286031, 248791.965533363749, 132183.447755484260,     -1.086621203500,      0.812651470863,      0.406200194312
  1869000.000000, 152745.081717254216, 251220.013919155957, 133398.471629543259,     -1.086379263816,      0.806024500112,      0.403804591465
  1872000.000000, 149486.621340455749, 253627.975534482975, 134606.208107150480,     -1.085886382949,      0.799260539733,      0.401341797675
  1875000.000000, 146230.007640965108, 256015.441799640248, 135806.454517261387,     -1.085149288742,      0.792361230831,      0.398811111731
  1878000.000000, 142975.962857661420, 258382.009484554001, 136999.006363127701,     -1.084174951179,      0.785328495755,      0.396212017463
  1881000.000000, 139725.188022575458, 260727.281524167192, 138183.657873866119,     -1.082970529546,      0.778164518667,      0.393544180926
  1884000.000000, 136478.362469390064, 263050.867770982266, 139360.202543656429,     -1.081543321939,      0.770871723167,      0.390807445008
  1887000.000000, 133236.143489077163, 265352.385676749400, 140528.433651237196,     -1.079900717756,      0.763452747521,      0.388001821733
  1890000.000000, 129999.166123026240, 267631.460896958248, 141688.144753189874,     -1.078050153618,      0.755910418066,      0.385127482533
  1893000.000000, 126768.043082750912, 269887.727813483682, 142839.130145409901,     -1.075999073109,      0.748247721335,      0.382184746820
  1896000.000000, 123543.364784339181, 272120.829972399864, 143981.185288123030,     -1.073754890576,      0.740467775462,      0.379174069168
  1899000.000000, 120325.699485228746, 274330.420435574662, 145114.107190783834,     -1.071324959127,      0.732573801382,      0.376096025439
  1902000.000000, 117115.593510612234, 276516.162046138954, 146237.694754158932,     -1.068716542877,      0.724569094292,      0.372951298165
  1905000.000000, 113913.571556775438, 278677.727609278518, 147351.749067829747,     -1.065936793403,      0.716456995802,      0.369740661493
  1908000.000000, 110720.137058909182, 280814.799990988919, 148456.073662221839,     -1.062992730281,      0.708240867150,      0.366464965969
  1911000.000000, 107535.772611371591, 282927.072138463438, 149550.474715070130,     -1.059891225549,      0.699924063790,      0.363125123420
  1914000.000000, 104360.940428973117, 285014.247026638011, 150634.761212948506,     -1.056638991854,      0.691509911614,      0.359722092149
  1917000.000000, 101196.082838573493, 287076.037536106247, 151708.745069119934,     -1.053242574053,      0.683001685006,      0.356256862650
  1920000.000000,  98041.622791083661, 289112.166268141300, 152772.241199501907,     -1.049708343964,      0.674402586879,      0.352730443994
  1923000.000000,  94897.964384822233, 291122.365302935126, 153825.067558986979,     -1.046042497991,      0.665715730796,      0.349143851034
  1926000.000000,  91765.493392060715, 293106.375907401845, 154867.045140717324,     -1.042251057327,      0.656944125233,      0.345498092517
  1929000.000000,  88644.577781477637, 295063.948199007718, 155897.997941189067,     -1.038339870429,      0.648090660000,      0.341794160203
  1932000.000000,  85535.568230113582, 296994.840772100724, 156917.752894263220,     -1.034314617495,      0.639158094813,      0.338033019027
  1935000.000000,  82438.798619258669, 298898.820293134486, 157926.139777296863,     -1.030180816657,      0.630149049980,      0.334215598352
  1938000.000000,  79354.586509503366, 300775.661071036186, 158922.991092684912,     -1.025943831633,      0.621065999132,      0.330342784325
  1941000.000000,  76283.233590933160, 302625.144608761650, 159908.141928131517,     -1.021608880611,      0.611911263935,      0.326415413340
  1944000.000000,  73225.026105145284, 304447.059141838341, 160881.429798959143,     -1.017181046113,      0.602687010691,      0.322434266600
  1947000.000000,  70180.235236408393, 306241.199169422442, 161842.694475717406,     -1.012665285669,      0.593395248727,      0.318400065748
  1950000.000000,  67149.117469874967, 308007.364983105974, 162791.777800286218,     -1.008066443080,      0.584037830490,      0.314313469561
  1953000.000000,  64131.914915294401, 309745.362198408868, 163728.523493578134,     -1.003389260124,      0.574616453227,      0.310175071651
  1956000.000000,  61128.855595163834, 311455.001293593028, 164652.776957845868,     -0.998638388537,      0.565132662169,      0.305985399162
  1959000.000000,  58140.153696700836, 313136.097160137375, 165564.385076490697,     -0.993818402127,      0.555587855104,      0.301744912400
  1962000.000000,  55166.009787430157, 314788.468668927031, 166463.196014156449,     -0.988933808895,      0.545983288265,      0.297454005384
  1965000.000000,  52206.610994552393, 316411.938255935092, 167349.059019779437,     -0.983989063041,      0.536320083424,      0.293113007263
  1968000.000000,  49262.131148611006, 318006.331530914234, 168221.824235151871,     -0.978988576742,      0.526599236124,      0.288722184569
  1971000.000000,  46332.730892301013, 319571.476912365295, 169081.342511446914,     -0.973936731593,      0.516821624951,      0.284281744265
  1974000.000000,  43418.557755572569, 321107.205291817139, 169927.465236045915,     -0.968837889623,      0.506988021788,      0.279791837556
  1977000.000000,  40519.746198481167, 322613.349730225047, 170760.044171903952,     -0.963696403763,      0.497099102967,      0.275252564434
  1980000.000000,  37636.417623526097, 324089.745189079782, 171578.931311587832,     -0.958516627703,      0.487155461242,      0.270663978911
  1983000.000000,  34768.680359504666, 325536.228298609320, 172383.978748019435,     -0.953302925011,      0.477157618532,      0.266026094915
  1986000.000000,  31916.629619193209, 326952.637165244494, 173175.038563854934,     -0.948059677443,      0.467106039346,      0.261338892811
  1989000.000000,  29080.347433449278, 328338.811220310512, 173951.962741326191,     -0.942791292341,      0.457001144825,      0.256602326518
  1992000.000000,  26259.902564613854, 329694.591111689049, 174714.603094260499,     -0.937502209018,      0.446843327339,      0.251816331168
  1995000.000000,  23455.350402376818, 331019.818639966950, 175462.811223878409,     -0.932196904044,      0.436632965532,      0.246980831294
  1998000.000000,  20666.732845553790, 332314.336740347149, 176196.438499841694,     -0.926879895343,      0.426370439771,      0.242095749470
  2001000.000000,  17894.078173504466, 333577.989511335501, 176915.336067884229,     -0.921555744983,      0.416056147866,      0.237161015380
  2004000.000000,  15137.400911199564, 334810.622290935251, 177619.354885202949,     -0.916229060604,      0.405690521001,      0.232176575247
  2007000.000000,  12396.701692211060, 336012.081780770095, 178308.345784613135,     -0.910904495365,      0.395274039743,      0.227142401570
  2010000.000000,   9671.967124153303, 337182.216218221642, 178982.159568278352,     -0.905586746346,      0.384807250019,      0.222058503094
  2013000.000000,   6963.169661335151, 338320.875596296217, 179640.647131609410,     -0.900280551328,      0.374290778933,      0.216924934936
  2016000.000000,   4270.267489587919, 339427.911930537666, 180283.659617686470,     -0.894990683887,      0.363725350293,      0.211741808794
  2019000.000000,   1593.204428403307, 340503.179571870482, 180911.048602292838,     -0.889721946754,      0.353111799680,      0.206509303131
  2022000.000000,  -1068.090144359165, 341546.535563795012, 181522.666309358523,     -0.884479163403,      0.342451088914,      0.201227673244
  2025000.000000,  -3713.701339862976, 342557.840041866875, 182118.365856296383,     -0.879267167861,      0.331744319754,      0.195897261105
  2028000.000000,  -6343.728772440386, 343536.956672879576, 182698.001528374938,     -0.874090792738,      0.320992746636,      0.190518504861
  2031000.000000,  -8958.286535209223, 344483.753130638390, 183261.429080913513,     -0.868954855521,      0.310197788298,      0.185091947859
  2034000.000000, -11557.503132014532, 345398.101604672032, 183808.506067709241,     -0.863864143174,      0.299361038085,      0.179618247086
  2037000.000000, -14141.521360772584, 346279.879337687336, 184339.092193719145,     -0.858823395154,      0.288484272773,      0.174098180880
  2040000.000000, -16710.498143609977, 347128.969187039998, 184853.049689627078,     -0.853837284952,      0.277569459731,      0.168532655786
  2043000.000000, -19264.604299601535, 347945.260204983177, 185350.243705534638,     -0.848910400314,      0.266618762250,      0.162922712426
  2046000.000000, -21804.024256419256, 348728.648231978936, 185830.542720633588,     -0.844047222322,      0.255634542899,      0.157269530267
  2049000.000000, -24328.955697810459, 349479.036496930057, 186293.818965354963,     -0.839252103575,      0.244619364761,      0.151574431151
  2052000.000000, -26839.609144522216, 350196.336217823089, 186739.948852154921,     -0.834529245685,      0.233575990453,      0.145838881503
  2055000.000000, -29336.207467075761, 350880.467195981706, 187168.813410800911,     -0.829882676389,      0.222507378841,      0.140064493112
  2058000.000000, -31818.985329658011, 351531.358396929863, 187580.298723773565,     -0.825316226572,      0.211416679387,      0.134253022419
  2061000.000000, -34288.188565325298, 352148.948510760325, 187974.296357206098,     -0.820833507507,      0.200307224140,      0.128406368242
  2064000.000000, -36744.073483690881, 352733.186484915263, 188350.703782657365,     -0.816437888656,      0.189182517365,      0.122526567939
  2067000.000000, -39186.906113273966, 353284.032022411935, 188709.424784960953,     -0.812132476370,      0.178046222885,      0.116615791966
  2070000.000000, -41616.961381702509, 353801.456038797158, 189050.369851416181,     -0.807920093812,      0.166902149247,      0.110676336882
  2073000.000000, -44034.522237963378, 354285.441071487090, 189373.456537694932,     -0.803803262452,      0.155754232845,      0.104710616834
  2076000.000000, -46439.878721856367, 354735.981635646021, 189678.609806028719,     -0.799784185429,      0.144606519186,      0.098721153610
  2079000.000000, -48833.326986710432, 355153.084521370358, 189965.762331515347,     -0.795864733072,      0.133463142533,      0.092710565347
  2082000.000000, -51215.168282237733, 355536.769027661125, 190234.854772739112,     -0.792046430843,      0.122328304172,      0.086681554059
  2085000.000000, -53585.707905111616, 355887.067129482981, 190485.836003328790,     -0.788330449913,      0.111206249580,      0.080636892097
  2088000.000000, -55945.254125440224, 356204.023575094936, 190718.663301574124,     -0.784717600540,      0.100101244826,      0.074579407753
  2091000.000000, -58294.117097751179, 356487.695911787276, 190933.302495774260,     -0.781208328378,      0.089017552497,      0.068511970182
  2094000.000000, -60632.607765393092, 356738.154439143254, 191129.728063589777,     -0.777802713790,      0.077959407509,      0.062437473851
  2097000.000000, -62961.036767388643, 356955.482089942612, 191307.923184298445,     -0.774500474167,      0.066930993114,      0.056358822726
  2100000.000000, -65279.713356739128, 357139.774239815830, 191467.879743498896,     -0.771300969230,      0.055936417445,      0.050278914419
  2103000.000000, -67588.944338982968, 357291.138447715377, 191609.598290453316,     -0.768203209213,      0.044979690900,      0.044200624505
  2106000.000000, -69889.033039458067, 357409.694130178017, 191733.087948891683,     -0.765205865790,      0.034064704667,      0.038126791213
  2109000.000000, -72180.278307221015, 357495.572173183900, 191838.366282704956,     -0.762307285547,      0.023195210636,      0.032060200689
  2112000.000000, -74462.973562950006, 357548.914486162947, 191925.459118516766,     -0.759505505792,      0.012374802954,      0.026003573015
  2115000.000000, -76737.405897421646, 357569.873503336625, 191994.400327634532,     -0.756798272419,      0.001606901392,      0.019959549137
  2118000.000000, -79003.855226325220, 357558.611638110015, 192045.231570327509,     -0.754183059547,     -0.009105263303,      0.013930678841
  2121000.000000, -81262.593506284393, 357515.300696630322, 192078.002005758870,     -0.751657090638,     -0.019758661963,      0.007919409896
  2124000.000000, -83513.884016018565, 357440.121256908868, 192092.767971201480,     -0.749217360750,     -0.030350477395,      0.001928078446
  2127000.000000, -85757.980705617869, 357333.262020057649, 192089.592634393310,     -0.746860659639,     -0.040878112576,     -0.004041099280
  2130000.000000, -87995.127615949590, 357194.919140227837, 192068.545623037295,     -0.744583595363,     -0.051339196657,     -0.009986033911
  2133000.000000, -90225.558369279475, 357025.295539760264, 192029.702635522612,     -0.742382618101,     -0.061731588828,     -0.015904768509
  2136000.000000, -92449.495731298652, 356824.600215878338, 191973.145036944712,     -0.740254043893,     -0.072053380109,     -0.021795482802
  2139000.000000, -94667.151243911081, 356593.047544981237, 191898.959444435692,     -0.738194078031,     -0.082302893176,     -0.027656496082
  2142000.000000, -96878.724927370960, 356330.856590247655, 191807.237305690360,     -0.736198837862,     -0.092478680354,     -0.033486268851
  2145000.000000, -99084.405049673485, 356038.250417842763, 191698.074474394700,     -0.734264374790,     -0.102579519910,     -0.039283403258
  2148000.000000,-101284.367960504940, 355715.455426559900, 191571.570786041149,     -0.732386695283,     -0.112604410835,     -0.045046642413
  2151000.000000,-103478.777986549845, 355362.700695225853, 191427.829637358227,     -0.730561780747,     -0.122552566249,     -0.050774868683
  2154000.000000,-105667.787384539261, 354980.217351675907, 191266.957572295942,     -0.728785606131,     -0.132423405642,     -0.056467101041
  2157000.000000,-107851.536348100082, 354568.237966571178, 191089.063877206965,     -0.727054157174,     -0.142216546106,     -0.062122491604
  2160000.000000,-110030.153064230442, 354126.995974800782, 190894.260187548440,     -0.725363446236,     -0.151931792738,     -0.067740321432
  2163000.000000,-112203.753815073767, 353656.725126687554, 190682.660108112177,     -0.723709526659,     -0.161569128396,     -0.073319995726
  2166000.000000,-114372.443120588432, 353157.658970719262, 190454.378848476743,     -0.722088505670,     -0.171128702957,     -0.078861038505
  2169000.000000,-116536.313917703912, 352630.030369050102, 190209.532875067234,     -0.720496555808,     -0.180610822233,     -0.084363086867
  2172000.000000,-118695.447771609688, 352074.071046578989, 189948.239580916503,     -0.718929924922,     -0.190015936692,     -0.089825884945
  2175000.000000,-120849.915114930627, 351490.011174004059, 189670.616973943193,     -0.717384944775,     -0.199344630109,     -0.095249277621
  2178000.000000,-122999.775510696243, 350878.078984888853, 189376.783384306007,     -0.715858038310,     -0.208597608256,     -0.100633204108
  2181000.000000,-125145.077935199486, 350238.500426449755, 189066.857191157062,     -0.714345725658,     -0.217775687750,     -0.105977691445
  2184000.000000,-127285.861077058711, 349571.498843490786, 188740.956568904890,     -0.712844628947,     -0.226879785119,     -0.111282848008
  2187000.000000,-129422.153649034910, 348877.294694667798, 188399.199252908351,     -0.711351476006,     -0.235910906192,     -0.116548857055
  2190000.000000,-131553.974709408707, 348156.105300061346, 188041.702324357262,     -0.709863103053,     -0.244870135850,     -0.121775970396
  2193000.000000,-133681.333989983366, 347408.144618867722, 187668.582013952197,     -0.708376456436,     -0.253758628202,     -0.126964502196
  2196000.000000,-135804.232228043606, 346633.623055888573, 187279.953523876233,     -0.706888593546,     -0.262577597214,     -0.132114822985
  2199000.000000,-137922.661499862443, 345832.747295395238, 186875.930867451156,     -0.705396682950,     -0.271328307834,     -0.137227353864
  2202000.000000,-140036.605553606205, 345005.720160876692, 186456.626725790178,     -0.703898003869,     -0.280012067618,     -0.142302560968
  2205000.000000,-142146.040139735531, 344152.740499130683, 186022.152320697758,     -0.702389945046,     -0.288630218871,     -0.147340950175
  2208000.000000,-144250.933337239141, 343274.003087138059, 185572.617303020030,     -0.700870003110,     -0.297184131320,     -0.152343062100
  2211000.000000,-146351.245874261804, 342369.698560156045, 185108.129655618657,     -0.699335780488,     -0.305675195296,     -0.157309467354
  2214000.000000,-148446.931441899389, 341440.013359481702, 184628.795610121830,     -0.697784982950,     -0.314104815433,     -0.162240762095
  2217000.000000,-150537.937000130682, 340485.129698364704, 184134.719576599018,     -0.696215416831,     -0.322474404868,     -0.167137563867
  2220000.000000,-152624.203075036145, 339505.225544591609, 183626.004085308610,     -0.694624986006,     -0.330785379927,     -0.172000507711
  2223000.000000,-154705.664046620746, 338500.474618310865, 183102.749739678547,     -0.693011688664,     -0.339039155273,     -0.176830242560
  2226000.000000,-156782.248426707200, 337471.046403729822, 182565.055179697549,     -0.691373613921,     -0.347237139506,     -0.181627427907
  2229000.000000,-158853.879126502899, 336417.106173375912, 182013.017054918455,     -0.689708938328,     -0.355380731183,     -0.186392730726
  2232000.000000,-160920.473713564512, 335338.815023683535, 181446.730006303289,     -0.688015922300,     -0.363471315246,     -0.191126822652
  2235000.000000,-162981.944657991960, 334236.329920738703, 180866.286656171404,     -0.686292906515,     -0.371510259815,     -0.195830377402
  2238000.000000,-165038.199567778182, 333109.803755085333, 180271.777605546813,     -0.684538308289,     -0.379498913351,     -0.200504068416
  2241000.000000,-167089.141413324163, 331959.385404570668, 179663.291438237036,     -0.682750617979,     -0.387438602133,     -0.205148566725
  2244000.000000,-169134.668741198810, 330785.219804276887, 179040.914731013152,     -0.680928395416,     -0.395330628047,     -0.209764539016
  2247000.000000,-171174.675877285539, 329587.448022660275, 178404.732069298538,     -0.679070266401,     -0.403176266657,     -0.214352645893
  2250000.000000,-173209.053119507676, 328366.207343084912, 177754.826067812566,     -0.677174919261,     -0.410976765536,     -0.218913540309
  2253000.000000,-175237.686920368025, 327121.631350006151, 177091.277395651152,     -0.675241101502,     -0.418733342831,     -0.223447866173
  2256000.000000,-177260.460059572884, 325853.850019120960, 176414.164805323933,     -0.673267616554,     -0.426447186048,     -0.227956257106
  2259000.000000,-179277.251807039313, 324562.989810865372, 175723.565165302804,     -0.671253320611,     -0.434119451034,     -0.232439335339
  2262000.000000,-181287.938076605875, 323249.173766692576, 175019.553495670116,     -0.669197119595,     -0.441751261138,     -0.236897710750
  2265000.000000,-183292.391570785054, 321912.521607622912, 174302.203006487951,     -0.667097966222,     -0.449343706533,     -0.241331980010
  2268000.000000,-185290.481916906923, 320553.149834605108, 173571.585138541588,     -0.664954857195,     -0.456897843682,     -0.245742725851
  2271000.000000,-187282.075795012643, 319171.171830276144, 172827.769606138609,     -0.662766830515,     -0.464414694939,     -0.250130516429
  2274000.000000,-189267.037057860522, 317766.697961751663, 172070.824441675330,     -0.660532962908,     -0.471895248261,     -0.254495904779
  2277000.000000,-191245.226843409764, 316339.835684119782, 171300.816041707090,     -0.658252367383,     -0.479340457019,     -0.258839428355
  2280000.000000,-193216.503680146125, 314890.689644348808, 170517.809214285575,     -0.655924190905,     -0.486751239911,     -0.263161608648
  2283000.000000,-195180.723585609958, 313419.361785355664, 169721.867227348936,     -0.653547612187,     -0.494128480945,     -0.267462950861
  2286000.000000,-197137.740158483386, 311925.951450013614, 168913.051857972983,     -0.651121839606,     -0.501473029491,     -0.271743943661
  2289000.000000,-199087.404664585425, 310410.555484907876, 168091.423442312254,     -0.648646109224,     -0.508785700393,     -0.276005058967
  2292000.000000,-201029.566117117705, 308873.268343675183, 167257.040926077636,     -0.646119682933,     -0.516067274136,     -0.280246751799
  2295000.000000,-202964.071351492748, 307314.182189788204, 166409.961915416177,     -0.643541846699,     -0.523318497050,     -0.284469460164
  2298000.000000,-204890.765095068928, 305733.386998667789, 165550.242728072742,     -0.640911908920,     -0.530540081549,     -0.288673604980
  2301000.000000,-206809.490032105125, 304130.970659027225, 164677.938444729167,     -0.638229198883,     -0.537732706403,     -0.292859590033
  2304000.000000,-208720.086864238110, 302507.019073370087, 163793.102960428922,     -0.635493065321,     -0.544897017034,     -0.297027801962
  2307000.000000,-210622.394366774650, 300861.616257579473, 162895.789036007773,     -0.632702875064,     -0.552033625819,     -0.301178610270
  2310000.000000,-212516.249441080290, 299194.844439552980, 161986.048349461402,     -0.629858011787,     -0.559143112426,     -0.305312367355
  2313000.000000,-214401.487163336249, 297506.784156847862, 161063.931547191576,     -0.626957874837,     -0.566226024139,     -0.309429408558
  2316000.000000,-216277.940829924803, 295797.514353314997, 160129.488295081508,     -0.624001878161,     -0.573282876200,     -0.313530052228
  2319000.000000,-218145.441999694944, 294067.112474710098, 159182.767329358670,     -0.620989449298,     -0.580314152154,     -0.317614599801
  2322000.000000,-220003.820533349062, 292315.654563278717, 158223.816507212410,     -0.617920028464,     -0.587320304187,     -0.321683335881
  2325000.000000,-221852.904630183330, 290543.215351321793, 157252.682857139385,     -0.614793067703,     -0.594301753465,     -0.325736528341
  2328000.000000,-223692.520862404112, 288749.868353755388, 156269.412628997525,     -0.611608030122,     -0.601258890466,     -0.329774428419
  2331000.000000,-225522.494207235839, 286935.685959683615, 155274.051343753847,     -0.608364389183,     -0.608192075307,     -0.333797270821
  2334000.000000,-227342.648077025282, 285100.739523011958, 154266.643842918304,     -0.605061628071,     -0.615101638056,     -0.337805273831
  2337000.000000,-229152.804347540980, 283245.099452132476, 153247.234337658592,     -0.601699239126,     -0.621987879037,     -0.341798639411
  2340000.000000,-230952.783384657057, 281368.835298715159, 152215.866457596887,     -0.598276723332,     -0.628851069120,     -0.345777553312
  2343000.000000,-232742.404069604614, 279472.015845647315, 151172.583299290913,     -0.594793589872,     -0.635691450003,     -0.349742185177
  2346000.000000,-234521.483822965500, 277554.709194161638, 150117.427474406577,     -0.591249355738,     -0.642509234467,     -0.353692688641
  2349000.000000,-236289.838627577177, 275616.982850199158, 149050.441157590394,     -0.587643545390,     -0.649304606631,     -0.357629201432
  2352000.000000,-238047.283050510916, 273658.903810053365, 147971.666134052590,     -0.583975690480,     -0.656077722179,     -0.361551845461
  2355000.000000,-239793.630264280073, 271680.538645344088, 146881.143846873922,     -0.580245329618,     -0.662828708577,     -0.365460726918
  2358000.000000,-241528.692067429627, 269681.953587369528, 145778.915444049897,     -0.576452008188,     -0.669557665271,     -0.369355936351
  2361000.000000,-243252.278904654144, 267663.214610887051, 144665.021825288626,     -0.572595278221,     -0.676264663873,     -0.373237548748
  2364000.000000,-244964.199886586051, 265624.387517372903, 143539.503688579251,     -0.568674698301,     -0.682949748318,     -0.377105623613
  2367000.000000,-246664.262809394160, 263565.538017810381, 142402.401576549426,     -0.564689833531,     -0.689612935021,     -0.380960205027
  2370000.000000,-248352.274174326885, 261486.731815059728, 141253.755922631506,     -0.560640255533,     -0.696254213004,     -0.384801321715
  2373000.000000,-250028.039207333408, 259388.034685858729, 140093.607097058295,     -0.556525542497,     -0.702873544010,     -0.388628987094
  2376000.000000,-251691.361878891796, 257269.512562506599, 138921.995452709525,     -0.552345279270,     -0.709470862604,     -0.392443199322
  2379000.000000,-253342.044924170943, 255131.231614282588, 137738.961370831646,     -0.548099057491,     -0.716046076247,     -0.396243941336
  2382000.000000,-254979.889863651159, 252973.258328649390, 136544.545306653716,     -0.543786475762,     -0.722599065364,     -0.400031180882
  2385000.000000,-256604.697024324792, 250795.659592292999, 135338.787834921357,     -0.539407139861,     -0.729129683387,     -0.403804870540
  2388000.000000,-258216.265561596927, 248598.502772048174, 134121.729695372953,     -0.534960662997,     -0.735637756789,     -0.407564947736
  2391000.000000,-259814.393482004409, 246381.855795758951, 132893.411838179716,     -0.530446666100,     -0.742123085092,     -0.411311334755
  2394000.000000,-261398.877666868706, 244145.787233122042, 131653.875469372346,     -0.525864778155,     -0.748585440870,     -0.415043938740
  2397000.000000,-262969.513896997611, 241890.366376559250, 130403.162096276516,     -0.521214636567,     -0.755024569728,     -0.418762651683
  2400000.000000,-264526.096878549142, 239615.663322164386, 129141.313572978062,     -0.516495887567,     -0.761440190273,     -0.422467350416
  2403000.000000,-266068.420270169678, 237321.749050767685, 127868.372145839399,     -0.511708186661,     -0.767831994066,     -0.426157896585
  2406000.000000,-267596.276711518120, 235008.695509159559, 126584.380499087405,     -0.506851199101,     -0.774199645561,     -0.429834136628
  2409000.000000,-269109.457853287924, 232676.575691513572, 125289.381800492978,     -0.501924600413,     -0.780542782035,     -0.433495901740
  2412000.000000,-270607.754388836736, 230325.463721047156, 123983.419747162101,     -0.496928076945,     -0.786861013500,     -0.437143007828
  2415000.000000,-272090.956087536062, 227955.434931956173, 122666.538611457931,     -0.491861326458,     -0.793153922607,     -0.440775255471
  2418000.000000,-273558.851829950931, 225566.565951659722, 121338.783287073384,     -0.486724058761,     -0.799421064538,     -0.444392429862
  2421000.000000,-275011.229644961713, 223158.934783387725, 120000.199335273166,     -0.481515996370,     -0.805661966884,     -0.447994300749
  2424000.000000,-276447.876748938463, 220732.620889145241, 118650.833031324190,     -0.476236875216,     -0.811876129513,     -0.451580622371
  2427000.000000,-277868.579587078944, 218287.705273083644, 117290.731411132496,     -0.470886445380,     -0.818063024435,     -0.455151133385
  2430000.000000,-279273.123877021251, 215824.270565309125, 115919.942318104615,     -0.465464471872,     -0.824222095645,     -0.458705556786
  2433000.000000,-280661.294654839963, 213342.401106156176, 114538.514450249902,     -0.459970735446,     -0.830352758968,     -0.462243599828
  2436000.000000,-282032.876323536213, 210842.183030952117, 113146.497407540155,     -0.454405033443,     -0.836454401889,     -0.465764953935
  2439000.000000,-283387.652704127773, 208323.704355296941, 111743.941739540809,     -0.448767180683,     -0.842526383378,     -0.469269294606
  2442000.000000,-284725.407089448592, 205787.055060878978, 110330.898993327777,     -0.443057010381,     -0.848568033709,     -0.472756281317
  2445000.000000,-286045.922300761333, 203232.327181846020, 108907.421761702353,     -0.437274375103,     -0.854578654269,     -0.476225557424
  2448000.000000,-287348.980747289606, 200659.614891746838, 107473.563731715913,     -0.431419147758,     -0.860557517371,     -0.479676750054
  2451000.000000,-288634.364488772640, 198069.014591057174, 106029.379733515176,     -0.425491222622,     -0.866503866052,     -0.483109469998
  2454000.000000,-289901.855301145697, 195460.624995299877, 104574.925789518122,     -0.419490516395,     -0.872416913877,     -0.486523311599
  2457000.000000,-291151.234745447233, 192834.547223767586, 103110.259163930052,     -0.413416969296,     -0.878295844734,     -0.489917852636
  2460000.000000,-292382.284240052511, 190190.884888853121, 101635.438412608710,     -0.407270546188,     -0.884139812633,     -0.493292654208
  2463000.000000,-293594.785136331397, 187529.744185990799, 100150.523433286740,     -0.401051237735,     -0.889947941503,     -0.496647260613
  2466000.000000,-294788.518797825207, 184851.233984208928,  98655.575516159093,     -0.394759061587,     -0.895719324985,     -0.499981199224
  2469000.000000,-295963.266683033959, 182155.465917291876,  97150.657394842419,     -0.388394063604,     -0.901453026234,     -0.503293980365
  2472000.000000,-297118.810431902355, 179442.554475547018,  95635.833297712015,     -0.381956319100,     -0.907148077713,     -0.506585097186
  2475000.000000,-298254.931956087123, 176712.617098168936,  94111.168999621717,     -0.375445934117,     -0.912803481001,     -0.509854025530
  2478000.000000,-299371.413533083047, 173965.774266190856,  92576.731874009958,     -0.368863046724,     -0.918418206596,     -0.513100223809
  2481000.000000,-300468.037904279015, 171202.149596008356,  91032.590945394841,     -0.362207828336,     -0.923991193727,     -0.516323132870
  2484000.000000,-301544.588377008389, 168421.869933458627,  89478.816942258767,     -0.355480485059,     -0.929521350174,     -0.519522175868
  2487000.000000,-302600.848930648935, 165625.065448432462,  87915.482350322563,     -0.348681259045,     -0.935007552093,     -0.522696758133
  2490000.000000,-303636.604326820234, 162811.869729993399,  86342.661466206700,     -0.341810429866,     -0.940448643854,     -0.525846267048
  2493000.000000,-304651.640223716036, 159982.419881972455,  84760.430451476597,     -0.334868315897,     -0.945843437883,     -0.528970071913
  2496000.000000,-305645.743294598127, 157136.856619002676,  83168.867387066362,     -0.327855275708,     -0.951190714531,     -0.532067523828
  2499000.000000,-306618.701350468153, 154275.324362952320,  81568.052328074933,     -0.320771709455,     -0.956489221938,     -0.535137955563
  2502000.000000,-307570.303466920741, 151397.971339709911,  79958.067358926201,     -0.313618060274,     -0.961737675932,     -0.538180681443
  2505000.000000,-308500.340115167666, 148504.949676268996,  78338.996648883549,     -0.306394815672,     -0.966934759936,     -0.541194997233
  2508000.000000,-309408.603297208727, 145596.415498054586,  76710.926507907338,     -0.299102508896,     -0.972079124896,     -0.544180180018
  2511000.000000,-310294.886685109639, 142672.529026427568,  75073.945442841665,     -0.291741720300,     -0.977169389236,     -0.547135488106
  2514000.000000,-311158.985764327925, 139733.454676296329,  73428.144213915162,     -0.284313078680,     -0.982204138833,     -0.550060160917
  2517000.000000,-312000.697981010657, 136779.361153759150,  71773.615891536756,     -0.276817262581,     -0.987181927018,     -0.552953418895
  2520000.000000,-312819.822893164994, 133810.421553692402,  70110.455913365367,     -0.269255001573,     -0.992101274616,     -0.555814463415
  2523000.000000,-313616.162325581070, 130826.813457191805,  68438.762141627725,     -0.261627077476,     -0.996960670005,     -0.558642476712
  2526000.000000,-314389.520528360968, 127828.719028764928,  66758.634920654920,     -0.253934325535,     -1.001758569218,     -0.561436621805
  2529000.000000,-315139.704338881013, 124816.325113162515,  65070.177134603422,     -0.246177635535,     -1.006493396086,     -0.564196042449
  2532000.000000,-315866.523346987844, 121789.823331724794,  63373.494265320689,     -0.238357952837,     -1.011163542420,     -0.566919863090
  2535000.000000,-316569.790063197492, 118749.410178106715,  61668.694450310017,     -0.230476279346,     -1.015767368241,     -0.569607188841
  2538000.000000,-317249.320089637418, 115695.287113232043,  59955.888540742781,     -0.222533674368,     -1.020303202068,     -0.572257105479
  2541000.000000,-317904.932293438702, 112627.660659311849,  58235.190159459133,     -0.214531255384,     -1.024769341254,     -0.574868679452
  2544000.000000,-318536.448982253438, 109546.742492746867,  56506.715758890634,     -0.206470198692,     -1.029164052391,     -0.577440957925
  2547000.000000,-319143.696081537870, 106452.749535717114,  54770.584678829546,     -0.198351739939,     -1.033485571785,     -0.579972968840
  2550000.000000,-319726.503313207009, 103345.904046243042,  53026.919203960082,     -0.190177174504,     -1.037732106002,     -0.582463721012
  2553000.000000,-320284.704375230940, 100226.433706484386,  51275.844621056021,     -0.181947857738,     -1.041901832494,     -0.584912204257
  2556000.000000,-320818.137121706037,  97094.571709021591,  49517.489275737229,     -0.173665205040,     -1.045992900323,     -0.587317389560
  2559000.000000,-321326.643742897373,  93950.556840842619,  47751.984628664257,     -0.165330691758,     -1.050003430967,     -0.589678229281
  2562000.000000,-321810.070944711159,  90794.633564734424,  45979.465311035274,     -0.156945852907,     -1.053931519243,     -0.591993657415
  2565000.000000,-322268.270127018855,  87627.052097752341,  44200.069179233375,     -0.148512282685,     -1.057775234337,     -0.594262589900
  2568000.000000,-322701.097560217837,  84448.068486413817,  42413.937368454543,     -0.140031633778,     -1.061532620958,     -0.596483924990
  2571000.000000,-323108.414559377648,  81257.944678233092,  40621.214345126915,     -0.131505616443,     -1.065201700625,     -0.598656543688
  2574000.000000,-323490.087655287702,  78056.948589183419,  38822.047957911251,     -0.122935997357,     -1.068780473098,     -0.600779310261
  2577000.000000,-323845.988761690620,  74845.354166640158,  37016.589487049991,     -0.114324598225,     -1.072266917960,     -0.602851072828
  2580000.000000,-324175.995337957225,  71623.441447324483,  35204.993691808413,     -0.105673294132,     -1.075658996370,     -0.604870664041
  2583000.000000,-324479.990546435933,  68391.496609732276,  33387.418855726064,     -0.096984011639,     -1.078954652989,     -0.606836901871
  2586000.000000,-324757.863403689698,  65149.812020496698,  31564.026829370403,     -0.088258726610,     -1.082151818100,     -0.608748590486
  2589000.000000,-325009.508924820053,  61898.686274096632,  29734.983070256862,     -0.079499461778,     -1.085248409928,     -0.610604521263
  2592000.000000,-325234.828260073147,  58638.424225286552,  27900.456679571249,     -0.070708284034,     -1.088242337172,     -0.612403473912
  2595000.000000,-325433.728822921403,  55369.337013588287,  26060.620435301622,     -0.061887301453,     -1.091131501767,     -0.614144217743
  2598000.000000,-325606.124408825475,  52091.742079150325,  24215.650821357187,     -0.053038660057,     -1.093913801879,     -0.615825513080
  2601000.000000,-325751.935303897597,  48805.963169248571,  22365.728052223072,     -0.044164540322,     -1.096587135153,     -0.617446112824
  2604000.000000,-325871.088382716582,  45512.330334673163,  20511.036092670922,     -0.035267153440,     -1.099149402208,     -0.619004764184
  2607000.000000,-325963.517194579937,  42211.179915220200,  18651.762672018122,     -0.026348737353,     -1.101598510402,     -0.620500210587
  2610000.000000,-326029.162037529051,  38902.854513486709,  16788.099292402745,     -0.017411552568,     -1.103932377872,     -0.621931193756
  2613000.000000,-326067.970019538596,  35587.702956151312,  14920.241230518404,     -0.008457877790,     -1.106148937835,     -0.623296455991
  2616000.000000,-326079.895106333774,  32266.080241914675,  13048.387532233583,      0.000509994622,     -1.108246143178,     -0.624594742638
  2619000.000000,-326064.898155378585,  28938.347475272141,  11172.740999504820,      0.009489763323,     -1.110221971319,     -0.625824804755
  2622000.000000,-326022.946935670974,  25604.871785299034,   9293.508168983084,      0.018479122771,     -1.112074429330,     -0.626985401981
  2625000.000000,-325954.016133084195,  22266.026228646515,   7410.899281708930,      0.027475768071,     -1.113801559342,     -0.628075305613
  2628000.000000,-325858.087341108476,  18922.189675975213,   5525.128243295307,      0.036477399853,     -1.115401444179,     -0.629093301868
  2631000.000000,-325735.149036970164,  15573.746681095365,   3636.412574008253,      0.045481729137,     -1.116872213248,     -0.630038195352
  2634000.000000,-325585.196543238999,  12221.087332137418,   1744.973348175795,      0.054486482133,     -1.118212048630,     -0.630908812707
  2637000.000000,-325408.231975171133,   8864.607084146915,   -148.964877614936,      0.063489404945,     -1.119419191361,     -0.631704006437
  2640000.000000,-325204.264174181793,   5504.706572582098,  -2045.174148032441,      0.072488268105,     -1.120491947881,     -0.632422658885
  2643000.000000,-324973.308627982682,   2141.791407292984,  -3943.423204677010,      0.081480870920,     -1.121428696591,     -0.633063686359
  2646000.000000,-324715.387378068233,  -1223.728053323903,  -5843.477594306253,      0.090465045553,     -1.122227894504,     -0.633626043371
  2649000.000000,-324430.528915372444,  -4591.436948170494,  -7745.099789925250,      0.099438660818,     -1.122888083921,     -0.634108726969
  2652000.000000,-324118.768065053970,  -7960.916179322679,  -9648.049324972886,      0.108399625630,     -1.123407899096,     -0.634510781130
  2655000.000000,-323780.145861492783, -11331.742697809714, -11552.082940741602,      0.117345892071,     -1.123786072834,     -0.634831301184
  2658000.000000,-323414.709414692014, -14703.489809002152, -13456.954747063592,      0.126275458050,     -1.124021442956,     -0.635069438228
  2661000.000000,-323022.511769378558, -18075.727497134951, -15362.416396183406,      0.135186369505,     -1.124112958578,     -0.635224403494
  2664000.000000,-322603.611758172512, -21448.022768307466, -17268.217269616252,      0.144076722152,     -1.124059686140,     -0.635295472635
  2667000.000000,-322158.073850256391, -24819.940011113169, -19174.104677664811,      0.152944662737,     -1.123860815121,     -0.635281989868
  2670000.000000,-321685.967997008818, -28191.041373862037, -21079.824071136751,      0.161788389802,     -1.123515663375,     -0.635183371958
  2673000.000000,-321187.369476084365, -31560.887157170964, -22985.119264672943,      0.170606153959,     -1.123023682029,     -0.634999111969
  2676000.000000,-320662.358735403919, -34929.036220515882, -24889.732670964448,      0.179396257676,     -1.122384459884,     -0.634728782761
  2679000.000000,-320111.021238488320, -38295.046401166976, -26793.405545007812,      0.188157054602,     -1.121597727260,     -0.634372040183
  2682000.000000,-319533.447312501608, -41658.474943768793, -28695.878237425062,      0.196886948437,     -1.120663359242,     -0.633928625913
  2685000.000000,-318929.732000288262, -45018.878938683934, -30596.890455760065,      0.205584391405,     -1.119581378267,     -0.633398369931
  2688000.000000,-318299.974917579268, -48375.815767094835, -32496.181532558665,      0.214247882346,     -1.118351956035,     -0.632781192565
  2691000.000000,-317644.280116412439, -51728.843550756355, -34393.490698948888,      0.222875964485,     -1.116975414699,     -0.632077106105
  2694000.000000,-316962.755955669447, -55077.521604214431, -36288.557362361091,      0.231467222930,     -1.115452227313,     -0.631286215947
  2697000.000000,-316255.514979468135, -58421.410887254780, -38181.121386968203,      0.240020281948,     -1.113783017536,     -0.630408721260
  2700000.000000,-315522.673803979415, -61760.074455322319, -40070.923375384424,      0.248533802079,     -1.111968558578,     -0.629444915158
  2703000.000000,-314764.353013057786, -65093.077905656988, -41957.704950137588,      0.257006477157,     -1.110009771397,     -0.628395184373
  2706000.000000,-313980.677062893694, -68419.989816925314, -43841.209033426552,      0.265437031288,     -1.107907722171,     -0.627260008443
  2709000.000000,-313171.774195715378, -71740.382180188448, -45721.180123690538,      0.273824215845,     -1.105663619055,     -0.626039958400
  2712000.000000,-312337.776362393983, -75053.830819136027, -47597.364567551551,      0.282166806549,     -1.103278808273,     -0.624735694999
  2715000.000000,-311478.819153638848, -78359.915797628157, -49469.510825743651,      0.290463600667,     -1.100754769575,     -0.623347966486
  2718000.000000,-310595.041739320674, -81658.221812723161, -51337.369731712126,      0.298713414406,     -1.098093111109,     -0.621877605946
  2721000.000000,-309686.586815322167, -84948.338571523927, -53200.694741650354,      0.306915080506,     -1.095295563774,     -0.620325528253
  2724000.000000,-308753.600557200145, -88229.861150345881, -55059.242174840438,      0.315067446109,     -1.092363975090,     -0.618692726662
  2727000.000000,-307796.232579845295, -91502.390334892960, -56912.771443272875,      0.323169370901,     -1.089300302677,     -0.616980269078
  2730000.000000,-306814.635902250768, -94765.532940320307, -58761.045269639289,      0.331219725562,     -1.086106607380,     -0.615189294040
  2733000.000000,-305808.966916446225, -98018.902110258539, -60603.829892916896,      0.339217390544,     -1.082785046127,     -0.613321006472
  2736000.000000,-304779.385359622247,-101262.117594073818, -62440.895260892183,      0.347161255166,     -1.079337864574,     -0.611376673235
  2739000.000000,-303726.054288457206,-104494.806001834499, -64272.015209102268,      0.355050217048,     -1.075767389608,     -0.609357618526
  2742000.000000,-302649.140054667776,-107716.601036647247, -66096.967625801844,      0.362883181864,     -1.072076021768,     -0.607265219167
  2745000.000000,-301548.812280830287,-110927.143704210583, -67915.534602690837,      0.370659063403,     -1.068266227644,     -0.605100899832
  2748000.000000,-300425.243835561501,-114126.082499608267, -69727.502571260586,      0.378376783932,     -1.064340532315,     -0.602866128241
  2751000.000000,-299278.610807204910,-117313.073571528395, -71532.662424732218,      0.386035274827,     -1.060301511868,     -0.600562410364
  2754000.000000,-298109.092475237325,-120487.780864244123, -73330.809625670066,      0.393633477455,     -1.056151786063,     -0.598191285674
  2757000.000000,-296916.871278687962,-123649.876237827135, -75121.744299452359,      0.401170344282,     -1.051894011163,     -0.595754322470
  2760000.000000,-295702.132780947955,-126799.039567185682, -76905.271313872596,      0.408644840166,     -1.047530872989,     -0.593253113311
  2763000.000000,-294465.065630439552,-129934.958820623535, -78681.200345225283,      0.416055943816,     -1.043065080224,     -0.590689270578
  2766000.000000,-293205.861516706995,-133057.330118705810, -80449.345931300864,      0.423402649382,     -1.038499357979,     -0.588064422187
  2769000.000000,-291924.715121585527,-136165.857774291246, -82209.527511774344,      0.430683968141,     -1.033836441676,     -0.585380207474
  2772000.000000,-290621.824065198773,-139260.254314649763, -83961.569456523241,      0.437898930253,     -1.029079071226,     -0.582638273266
  2775000.000000,-289297.388846625516,-142340.240486628405, -85705.301082450926,      0.445046586556,     -1.024229985549,     -0.579840270148
  2778000.000000,-287951.612779163872,-145405.545245860645, -87440.556659422873,      0.452126010367,     -1.019291917420,     -0.576987848940
  2781000.000000,-286584.701920200954,-148455.905731031933, -89167.175405946313,      0.459136299270,     -1.014267588658,     -0.574082657382
  2784000.000000,-285196.864995773765,-151491.067224222264, -90885.001475237907,      0.466076576868,     -1.009159705656,     -0.571126337043
  2787000.000000,-283788.313319971843,-154510.783098342945, -92593.883932331752,      0.472945994465,     -1.003970955248,     -0.568120520439
  2790000.000000,-282359.260709395050,-157514.814752673439, -94293.676722879492,      0.479743732678,     -0.998704000906,     -0.565066828371
  2793000.000000,-280909.923392929893,-160502.931537483091, -95984.238634288849,      0.486469002941,     -0.993361479265,     -0.561966867486
  2796000.000000,-279440.519917153229,-163474.910668697965, -97665.433249835420,      0.493121048917,     -0.987945996960,     -0.558822228027
  2799000.000000,-277951.271047707647,-166430.537133540085, -99337.128896367140,      0.499699147770,     -0.982460127768,     -0.555634481809
  2802000.000000,-276442.399667021993,-169369.603588031867,-100999.198586200931,      0.506202611325,     -0.976906410042,     -0.552405180373
  2805000.000000,-274914.130668772152,-172291.910247219552,-102651.519953789000,      0.512630787085,     -0.971287344418,     -0.549135853341
  2808000.000000,-273366.690849491453,-175197.264768928871,-104293.975187708042,      0.518983059110,     -0.965605391797,     -0.545828006945
  2811000.000000,-271800.308797752252,-178085.482131823781,-105926.450958497677,      0.525258848759,     -0.959862971562,     -0.542483122726
  2814000.000000,-270215.214781339688,-180956.384508495976,-107548.838342848161,      0.531457615285,     -0.954062460043,     -0.539102656399
  2817000.000000,-268611.640632843424,-183809.801134269714,-109161.032744609198,      0.537578856298,     -0.948206189196,     -0.535688036870
  2820000.000000,-266989.819634082727,-186645.568172362138,-110762.933813063675,      0.543622108077,     -0.942296445492,     -0.532240665393
  2823000.000000,-265349.986399775837,-189463.528575997101,-112354.445358882353,      0.549586945762,     -0.936335468992,     -0.528761914866
  2826000.000000,-263692.376760849205,-192263.531948027143,-113935.475268147551,      0.555472983406,     -0.930325452612,     -0.525253129246
  2829000.000000,-262017.227647769148,-195045.434398577869,-115505.935414806503,      0.561279873909,     -0.924268541535,     -0.521715623083
  2832000.000000,-260324.776974259439,-197809.098401188006,-117065.741571888415,      0.567007308826,     -0.918166832793,     -0.518150681163
  2835000.000000,-258615.263521749876,-200554.392647880479,-118614.813321793263,      0.572655018072,     -0.912022374974,     -0.514559558245
  2838000.000000,-256888.926824879338,-203281.191903562401,-120153.073965934702,      0.578222769516,     -0.905837168063,     -0.510943478892
  2841000.000000,-255146.007058354648,-205989.376860118005,-121680.450433996171,      0.583710368487,     -0.899613163393,     -0.507303637379
  2844000.000000,-253386.744925443636,-208678.833990523883,-123196.873193035586,      0.589117657178,     -0.893352263711,     -0.503641197684
  2847000.000000,-251611.381548357167,-211349.455403286207,-124702.276156651918,      0.594444513981,     -0.887056323324,     -0.499957293537
  2850000.000000,-249820.158360752335,-214001.138697470014,-126196.596594407136,      0.599690852744,     -0.880727148343,     -0.496253028540
  2853000.000000,-248013.317002564727,-216633.786818563938,-127679.775041676912,      0.604856621961,     -0.874366496998,     -0.492529476334
  2856000.000000,-246191.099217355892,-219247.307915398327,-129151.755210085743,      0.609941803904,     -0.867976080024,     -0.488787680818
  2859000.000000,-244353.746752339415,-221841.615198312356,-130612.483898665625,      0.614946413710,     -0.861557561104,     -0.485028656411
  2862000.000000,-242501.501261228928,-224416.626798744284,-132061.910905861878,      0.619870498412,     -0.855112557374,     -0.481253388355
  2862254.880935,-242343.455234435591,-224634.508759065066,-132184.532254036661,      0.620285141113,     -0.854563817843,     -0.480931922591
